Sintoma 1,Sintoma 2,Doenca Associada
dor no peito,aperto no torax,Sindrome Coronariana Aguda (IAM)
falta de ar,dificuldade para respirar,Insuficiencia Cardiaca Congestiva
cansaco constante,fadiga,Insuficiencia Cardiaca Cronica
palpitacao,coracao acelerado,Fibrilacao Atrial / Arritmia
inchaco nas pernas,tornozelos inchados,Insuficiencia Cardiaca Descompensada
tontura,escurecimento visual,Hipotensao Severa ou Pre-Sincope
dor no braco esquerdo,formigamento nas maos,Sindrome Coronariana Aguda Irradiada
queimacao retroesternal,azia,Doenca do Refluxo Gastroesofagico
suor frio,nauseas,Alerta Coronariano Agudo / Choque
sensacao de desmaio,fraqueza muscular,Sincope / Bradicardia Sintomatica