frase,situacao
dor no peito intensa em aperto que nao passa ha mais de vinte minutos,alto risco
leve incomodo muscular nas costas apos carregar sacolas,baixo risco
falta de ar subita com sensacao de sufocamento ao deitar,alto risco
coriza leve e espirros ocasionais sem febre,baixo risco
dor precordial forte irradiando para o braco esquerdo e mandibula,alto risco
cansaco leve no final do dia apos jornada de trabalho,baixo risco
palpitacao taquicardica muito acelerada acompanhada de tontura e escurecimento visual,alto risco
pequena dor de cabeca no final da tarde que melhora com descanso,baixo risco
aperto sufocante no torax associado a suor frio e nausea persistente,alto risco
tosse seca fraca ha dois dias sem qualquer falta de ar,baixo risco
sensacao de desmaio iminente com fraqueza muscular e palidez subita,alto risco
leve azia apos o almoco sem dor ou regurgitacao importante,baixo risco
falta de ar intensa mesmo em repouso absoluto na cadeira,alto risco
desconforto leve no tornozelo apos caminhada no parque,baixo risco
dor retroesternal com peso no peito e formigamento nas maos,alto risco
pequena irritacao na pele sem vermelhidao ou dor local,baixo risco
perda transitoria de consciencia com pulso descompassado e queda,alto risco
gases e sensacao de estomago estufado apos jantar pesado,baixo risco
pressao alta descontrolada acompanhada de dor de cabeca latejante e visao turva,alto risco
dorzinha passageira no dedo do pe ao bater na porta,baixo risco
dor aguda no peito ao respirar fundo com sudorese fria profusa,alto risco
pigarro na garganta pela manha que ja sumiu espontaneamente,baixo risco
falta de ar com labios arroxeados e incapacidade de completar frases,alto risco
pequena queimao no estomago que aliviou com copo de agua,baixo risco
dor precordial em queimao intensa com sensacao iminente de morte,alto risco
leve tensao no pescoco por postura inadequada no computador,baixo risco
arritmia perceptivel com sensacao de coracao parando e tontura forte,alto risco
unha encravada sem sinais de infeccao ou febre,baixo risco
dor forte no torax que piora aos minimos esforcos fisicos,alto risco
formigamento leve passageiro na perna apos sentar de pernas cruzadas,baixo risco
crise aguda de falta de ar com chiado no peito e palidez acentuada,alto risco
sensacao de sonolencia normal apos noite de sono curta,baixo risco