age,sex,chest_pain_type,resting_bp,cholesterol,fasting_blood_sugar,rest_ecg,max_heart_rate,exercise_angina,st_depression,st_slope,num_major_vessels,thalassemia,target,data_origin
0.9464785172289968,1.0,1.0,0.7915380579749833,-0.3059265240082671,1.0,2.0,0.04964032290550553,0.0,1.0839540280347817,3.0,0.0,6.0,0,real
1.3816509981852907,1.0,4.0,1.6471476063161357,0.6881855193286903,0.0,2.0,-1.69528723400248,1.0,0.39302562492818255,2.0,3.0,3.0,1,real
1.3816509981852907,1.0,4.0,-0.6344778559269374,-0.38095384803369786,0.0,2.0,-0.8228234555484872,1.0,1.3430521791997565,2.0,2.0,7.0,1,real
-1.8821426089869133,1.0,3.0,-0.06407149036616915,0.012939603099813572,0.0,0.0,1.5868384087530167,0.0,2.1203466326946807,3.0,0.0,3.0,0,real
-1.4469701280306195,0.0,2.0,-0.06407149036616915,-0.8498746231926401,0.0,2.0,0.9636499955715933,0.0,0.30665957453985754,1.0,0.0,3.0,0,real
0.18492667555548253,1.0,2.0,-0.6344778559269374,-0.24965603098919403,0.0,0.0,1.2129253608441626,0.0,-0.21153672779009175,1.0,0.0,3.0,0,real
0.8376853969899233,0.0,4.0,0.5063348751945992,0.35056256121425194,0.0,2.0,0.4650992650264545,0.0,2.2067126830830057,3.0,2.0,3.0,1,real
0.293719795794556,0.0,4.0,-0.6344778559269374,1.963650027761013,0.0,0.0,0.5897369476627392,1.0,-0.3842688285667416,1.0,0.0,3.0,0,real
0.9464785172289968,1.0,4.0,-0.06407149036616915,0.08796692712524432,0.0,2.0,-0.07499735973077915,0.0,0.30665957453985754,2.0,1.0,7.0,1,real
-0.14145268516173787,1.0,4.0,0.5063348751945992,-0.8686314541989977,1.0,2.0,0.25736979396598003,1.0,1.7748824311413811,3.0,0.0,7.0,1,real
0.293719795794556,1.0,4.0,0.5063348751945992,-1.0749565952689322,0.0,0.0,-0.033451465518684255,0.0,-0.5570009293433914,2.0,0.0,6.0,0,real
0.18492667555548253,0.0,2.0,0.5063348751945992,0.8382401673795518,0.0,2.0,0.1742780055417902,0.0,0.22029352415153275,2.0,0.0,3.0,0,real
0.18492667555548253,1.0,3.0,-0.06407149036616915,0.1254805891379597,1.0,2.0,-0.2827268307912536,1.0,-0.3842688285667416,2.0,1.0,6.0,1,real
-1.120590767313399,1.0,2.0,-0.6344778559269374,0.2567784061824635,0.0,0.0,1.0051958897836881,0.0,-0.902465130896691,1.0,0.0,7.0,0,real
-0.2502458054008113,1.0,3.0,2.331635244989058,-0.9436587782244285,1.0,0.0,0.5481910534506442,0.0,-0.4706348789550665,1.0,0.0,7.0,0,real
0.293719795794556,1.0,3.0,1.0767412407553674,-1.5251205394215168,0.0,0.0,1.046741783995783,0.0,0.4793916753165075,1.0,0.0,3.0,0,real
-0.6854182863571052,1.0,2.0,-1.2048842214877058,-0.38095384803369786,0.0,0.0,0.7974664187232137,0.0,-0.03880462701344199,3.0,0.0,7.0,1,real
-0.03265956492266439,1.0,4.0,0.5063348751945992,-0.19338553797012098,0.0,0.0,0.4650992650264545,0.0,0.1339274737632078,1.0,0.0,3.0,0,real
-0.6854182863571052,0.0,3.0,-0.06407149036616915,0.4818603782587557,0.0,0.0,-0.4073645134275383,0.0,-0.7297330301200413,1.0,0.0,3.0,0,real
-0.5766251661180317,1.0,2.0,-0.06407149036616915,0.31304889920153656,0.0,0.0,0.9221041013594984,0.0,-0.3842688285667416,1.0,0.0,3.0,0,real
1.0552716374680702,1.0,1.0,-1.2048842214877058,-0.7185768061481362,0.0,2.0,-0.19963504236706384,1.0,0.6521237760931573,2.0,0.0,3.0,0,real
0.4025129160336295,0.0,1.0,1.0767412407553674,0.6319150263096173,1.0,2.0,0.5481910534506442,0.0,-0.03880462701344199,1.0,0.0,3.0,0,real
0.4025129160336295,1.0,2.0,-0.6344778559269374,0.6506718573159749,0.0,2.0,0.4650992650264545,0.0,0.6521237760931573,2.0,0.0,3.0,1,real
0.4025129160336295,1.0,3.0,0.05000978274598452,-0.4747380030654863,0.0,2.0,1.0051958897836881,0.0,1.8612484815297061,1.0,2.0,7.0,1,real
0.6200991565117764,1.0,4.0,-0.06407149036616915,-0.8123609611799246,0.0,2.0,-0.6981857729122026,1.0,1.1703200784231065,2.0,2.0,7.0,1,real
-0.46783204587895827,0.0,3.0,-0.6344778559269374,-0.5685221580972747,0.0,0.0,0.3820074766022647,0.0,0.4793916753165075,2.0,0.0,3.0,0,real
0.4025129160336295,0.0,3.0,-0.6344778559269374,1.7010543936720053,0.0,0.0,0.9636499955715933,0.0,-0.902465130896691,1.0,0.0,3.0,0,real
1.2728578779462172,0.0,1.0,1.0767412407553674,-0.4372243410527709,0.0,0.0,-1.4460118687299106,0.0,1.3430521791997565,3.0,0.0,3.0,0,real
-1.2293838875524725,1.0,4.0,1.0767412407553674,-0.043330889919259485,0.0,0.0,0.9221041013594984,0.0,0.39302562492818255,1.0,0.0,3.0,0,real
-1.5557632482696928,1.0,4.0,-1.2048842214877058,-1.5438773704278743,0.0,2.0,-1.4460118687299106,1.0,0.8248558768698071,2.0,0.0,7.0,1,real
1.5992372386634377,0.0,1.0,0.5063348751945992,-0.19338553797012098,0.0,0.0,0.09118621711760043,0.0,0.6521237760931573,1.0,2.0,3.0,0,real
0.6200991565117764,1.0,4.0,-0.8055997655951679,-0.36219701702734014,1.0,0.0,0.4650992650264545,1.0,0.30665957453985754,1.0,2.0,7.0,1,real
1.0552716374680702,1.0,3.0,0.5063348751945992,1.607270238640217,0.0,0.0,0.3820074766022647,0.0,-0.902465130896691,1.0,0.0,3.0,1,real
0.511306036272703,1.0,4.0,0.22113169241421501,-0.2871696930019094,0.0,0.0,0.5066451592385494,0.0,-0.4706348789550665,2.0,0.0,7.0,0,real
-1.120590767313399,1.0,3.0,-0.06407149036616915,-0.3059265240082671,0.0,0.0,1.2544712550562576,1.0,-0.5570009293433914,1.0,0.0,3.0,0,real
-1.338177007791546,1.0,4.0,0.5063348751945992,-0.4372243410527709,0.0,0.0,1.2129253608441626,0.0,-0.902465130896691,1.0,0.0,3.0,0,real
-1.2293838875524725,1.0,4.0,-0.6344778559269374,-1.3563090603642975,0.0,2.0,-1.1967365034573414,1.0,1.2566861288114315,2.0,0.0,7.0,1,real
0.293719795794556,1.0,4.0,1.0767412407553674,0.5006172092651134,0.0,2.0,-1.5291036571541006,1.0,-0.3842688285667416,2.0,1.0,6.0,1,real
0.07613355531640907,1.0,4.0,0.05000978274598452,1.9448931967546552,0.0,0.0,-0.6981857729122026,1.0,0.1339274737632078,2.0,1.0,7.0,1,real
0.7288922767508499,1.0,3.0,1.0767412407553674,-0.11835821394469023,1.0,0.0,-0.4904563018517281,1.0,-0.03880462701344199,2.0,0.0,3.0,0,real
1.1640647577071437,0.0,4.0,1.0767412407553674,-0.4559811720591286,0.0,2.0,-1.4460118687299106,0.0,-0.03880462701344199,2.0,3.0,7.0,1,real
-1.5557632482696928,1.0,1.0,0.5063348751945992,-0.9436587782244285,0.0,0.0,1.2129253608441626,1.0,0.30665957453985754,1.0,0.0,7.0,0,real
1.8168234791415845,0.0,2.0,1.6471476063161357,0.9882948154304133,0.0,0.0,0.5481910534506442,0.0,-0.5570009293433914,1.0,2.0,3.0,0,real
0.511306036272703,1.0,3.0,1.0767412407553674,-0.6998199751417785,1.0,0.0,0.3404615823901698,0.0,0.4793916753165075,1.0,0.0,3.0,0,real
0.7288922767508499,0.0,4.0,-0.06407149036616915,1.5134860836084285,0.0,2.0,0.8390123129353085,0.0,-0.902465130896691,1.0,0.0,3.0,1,real
0.4025129160336295,1.0,3.0,-1.0908029483755521,-0.36219701702734014,0.0,2.0,0.672828736086929,0.0,1.2566861288114315,2.0,1.0,7.0,1,real
-0.35903892563988477,1.0,3.0,-1.2048842214877058,-1.393822722377013,0.0,0.0,-1.0720988208210567,0.0,-0.3842688285667416,1.0,0.0,3.0,0,real
-0.46783204587895827,1.0,4.0,1.0767412407553674,-0.11835821394469023,0.0,2.0,-0.8643693497605822,0.0,1.3430521791997565,2.0,0.0,7.0,1,real
1.1640647577071437,0.0,3.0,0.5063348751945992,3.145330381161547,1.0,2.0,0.3404615823901698,0.0,-0.21153672779009175,1.0,1.0,3.0,0,real
-0.14145268516173787,1.0,3.0,-0.06407149036616915,-0.9811724402371438,1.0,2.0,0.1327321113296953,0.0,0.1339274737632078,3.0,0.0,3.0,0,real
-1.4469701280306195,0.0,2.0,-1.4900874042680898,-0.9624156092307862,0.0,0.0,0.7974664187232137,0.0,-0.902465130896691,1.0,1.0,3.0,0,real
1.1640647577071437,1.0,4.0,-0.6344778559269374,-1.3563090603642975,0.0,0.0,-0.3658186192154434,0.0,-0.5570009293433914,1.0,0.0,7.0,0,real
-1.120590767313399,1.0,4.0,-1.0908029483755521,0.763212843354121,0.0,2.0,0.1742780055417902,0.0,-0.902465130896691,1.0,1.0,3.0,1,real
-1.120590767313399,1.0,2.0,-0.06407149036616915,-0.5685221580972747,0.0,2.0,1.6283843029651115,0.0,-0.902465130896691,1.0,0.0,3.0,0,real
0.6200991565117764,1.0,4.0,-0.06407149036616915,0.06921009611888664,0.0,0.0,-0.19963504236706384,1.0,0.30665957453985754,1.0,1.0,7.0,1,real
-0.03265956492266439,1.0,4.0,-0.40631530970263013,0.31304889920153656,0.0,2.0,-1.653741339790385,1.0,0.997587977646457,2.0,1.0,7.0,1,real
-0.46783204587895827,1.0,3.0,0.5063348751945992,-0.3059265240082671,0.0,0.0,0.5897369476627392,0.0,-0.3842688285667416,2.0,1.0,7.0,1,real
-1.4469701280306195,1.0,4.0,-1.2048842214877058,-1.450093215396086,0.0,2.0,0.3820074766022647,0.0,-0.902465130896691,1.0,0.0,7.0,1,real
-0.03265956492266439,1.0,3.0,-0.3492746731465533,0.4443467162460404,0.0,2.0,0.1327321113296953,0.0,-0.4706348789550665,3.0,1.0,3.0,0,real
-0.35903892563988477,1.0,1.0,-0.3492746731465533,-0.6810631441354208,0.0,2.0,-0.9890070323968668,1.0,0.30665957453985754,1.0,1.0,3.0,0,real
-0.35903892563988477,0.0,4.0,-0.06407149036616915,1.0445653084494864,0.0,0.0,-0.2827268307912536,1.0,0.1339274737632078,2.0,0.0,7.0,1,real
-0.9030045268352521,0.0,3.0,0.6204161483067528,-1.3563090603642975,0.0,2.0,0.4650992650264545,1.0,0.30665957453985754,3.0,0.0,3.0,0,real
0.4025129160336295,1.0,4.0,-0.1781527634783228,-0.6247926511163477,0.0,2.0,-0.7397316671242975,1.0,0.997587977646457,2.0,3.0,7.0,1,real
-0.03265956492266439,0.0,3.0,0.22113169241421501,1.0258084774431286,1.0,0.0,0.8805582071474034,0.0,-0.902465130896691,1.0,0.0,3.0,0,real
-0.03265956492266439,1.0,4.0,-0.6344778559269374,-1.149983919294363,0.0,0.0,-1.4875577629420056,0.0,0.30665957453985754,2.0,1.0,7.0,1,real
0.6200991565117764,1.0,4.0,0.7915380579749833,0.6131581953032595,0.0,2.0,-0.2827268307912536,1.0,1.515784279976406,2.0,2.0,7.0,1,real
0.6200991565117764,1.0,3.0,0.5063348751945992,-1.206254412313436,0.0,2.0,0.25736979396598003,0.0,1.688516380753056,2.0,0.0,3.0,1,real
-0.03265956492266439,1.0,3.0,1.0767412407553674,-0.3246833550146248,0.0,2.0,0.672828736086929,0.0,0.4793916753165075,1.0,0.0,7.0,0,real
0.511306036272703,1.0,4.0,2.217553971876904,1.4384587595829978,0.0,2.0,-0.3658186192154434,1.0,2.0339805823063557,3.0,0.0,7.0,1,real
-0.9030045268352521,1.0,3.0,1.0767412407553674,-0.3434401860209825,0.0,0.0,-0.07499735973077915,0.0,2.2067126830830057,2.0,0.0,3.0,1,real
1.1640647577071437,0.0,3.0,1.3619444235357516,0.3693193922206096,0.0,0.0,-0.033451465518684255,0.0,-0.21153672779009175,1.0,0.0,3.0,0,real
1.3816509981852907,1.0,4.0,-0.3492746731465533,0.08796692712524432,1.0,0.0,0.5897369476627392,0.0,-0.7297330301200413,2.0,2.0,7.0,1,real
0.8376853969899233,1.0,4.0,-0.6344778559269374,0.3318057302078942,0.0,0.0,-2.069200281911334,1.0,0.6521237760931573,2.0,2.0,7.0,1,real
1.1640647577071437,1.0,4.0,-1.2048842214877058,-0.024574058912901802,0.0,2.0,0.3820074766022647,0.0,-0.3842688285667416,1.0,2.0,6.0,1,real
-1.120590767313399,1.0,4.0,-1.2048842214877058,-0.9811724402371438,0.0,2.0,1.1713794666320676,0.0,-0.902465130896691,1.0,1.0,3.0,1,real
1.1640647577071437,0.0,3.0,1.6471476063161357,2.0761910137991593,0.0,2.0,0.09118621711760043,0.0,-0.21153672779009175,1.0,0.0,3.0,0,real
0.6200991565117764,1.0,4.0,-0.3492746731465533,0.16299425115067506,0.0,2.0,-0.3242727250033485,1.0,1.515784279976406,2.0,1.0,7.0,1,real
-0.35903892563988477,0.0,3.0,0.5063348751945992,1.1008358014685593,0.0,2.0,-0.2827268307912536,0.0,0.39302562492818255,1.0,1.0,3.0,0,real
-0.6854182863571052,1.0,2.0,-0.06407149036616915,-0.08084455193197486,0.0,2.0,1.2960171492683523,0.0,-0.7297330301200413,2.0,0.0,3.0,0,real
0.4025129160336295,1.0,4.0,1.0767412407553674,0.3880762232269673,0.0,2.0,-1.5706495513661953,1.0,-0.21153672779009175,1.0,0.0,7.0,1,real
-1.0117976470743255,1.0,4.0,-1.5471280408241668,-0.7748472991672093,0.0,2.0,-0.033451465518684255,1.0,1.688516380753056,2.0,0.0,3.0,0,real
-0.14145268516173787,0.0,4.0,-0.06407149036616915,0.27553523718882117,0.0,2.0,-0.24118093657915873,0.0,-0.5570009293433914,2.0,0.0,3.0,0,real
-1.6645563685087663,1.0,3.0,0.5063348751945992,1.3446746045512092,0.0,2.0,1.3791089376925423,0.0,-0.902465130896691,1.0,0.0,3.0,0,real
1.4904441184243642,1.0,3.0,2.7879603374376725,0.46310354725239805,1.0,2.0,0.04964032290550553,1.0,0.4793916753165075,2.0,0.0,7.0,1,real
-0.2502458054008113,1.0,2.0,-0.6344778559269374,1.4197019285766401,0.0,0.0,0.9636499955715933,0.0,-0.7297330301200413,1.0,0.0,3.0,0,real
-1.120590767313399,1.0,3.0,0.5063348751945992,-0.26841286199555175,0.0,2.0,1.2960171492683523,0.0,-0.902465130896691,1.0,0.0,3.0,0,real
-0.7942114065961786,1.0,3.0,0.3922536020824455,0.14423742014431737,0.0,2.0,0.2989156881780749,0.0,-0.902465130896691,1.0,0.0,3.0,0,real
-0.14145268516173787,0.0,3.0,-0.1781527634783228,-0.6247926511163477,0.0,2.0,-1.4044659745178159,0.0,-0.902465130896691,1.0,0.0,3.0,0,real
-0.14145268516173787,0.0,4.0,0.3922536020824455,-0.2871696930019094,0.0,2.0,0.4650992650264545,0.0,-0.902465130896691,1.0,0.0,3.0,0,real
-0.35903892563988477,0.0,3.0,-0.06407149036616915,0.1254805891379597,0.0,2.0,0.008094428693410639,0.0,-0.4706348789550665,1.0,0.0,3.0,0,real
1.2728578779462172,1.0,4.0,-0.6344778559269374,0.9882948154304133,0.0,2.0,0.09118621711760043,0.0,-0.5570009293433914,2.0,0.0,3.0,0,real
0.8376853969899233,0.0,4.0,1.6471476063161357,-1.6001478634469475,0.0,2.0,-0.15808914815496894,0.0,4.452229993179453,3.0,3.0,7.0,1,real
0.8376853969899233,1.0,3.0,-0.06407149036616915,-0.3434401860209825,0.0,0.0,-0.11654325394287404,0.0,0.6521237760931573,2.0,3.0,7.0,0,real
-1.120590767313399,0.0,3.0,-1.3189654945998595,-2.031554976593174,0.0,0.0,1.0882876782078779,0.0,-0.3842688285667416,2.0,0.0,3.0,0,real
0.9464785172289968,0.0,3.0,0.22113169241421501,0.05045326511252894,0.0,2.0,0.9636499955715933,0.0,-0.902465130896691,1.0,0.0,3.0,0,real
-0.2502458054008113,1.0,4.0,-0.1781527634783228,0.10672375813160201,0.0,0.0,0.5066451592385494,1.0,-0.902465130896691,1.0,1.0,7.0,1,real
0.511306036272703,1.0,4.0,-1.2048842214877058,-0.19338553797012098,0.0,2.0,-0.2827268307912536,1.0,0.1339274737632078,2.0,1.0,7.0,1,real
0.6200991565117764,0.0,4.0,1.0767412407553674,0.16299425115067506,0.0,2.0,0.3404615823901698,0.0,1.3430521791997565,2.0,2.0,7.0,1,real
-0.2502458054008113,1.0,2.0,0.16409105585813819,-0.9061451162117131,0.0,0.0,0.3820074766022647,0.0,-0.21153672779009175,1.0,1.0,3.0,0,real
-0.6854182863571052,1.0,4.0,-0.5203965828147837,-0.5122516650782016,0.0,2.0,1.5452925145409218,0.0,-0.902465130896691,1.0,0.0,3.0,0,real
-1.0117976470743255,1.0,4.0,-0.9196810387073215,0.20050791316339045,0.0,2.0,1.5037466203288268,0.0,-0.902465130896691,1.0,0.0,3.0,0,real
-2.2085219697041336,1.0,1.0,-0.748559129039091,-1.2625249053325092,0.0,2.0,1.046741783995783,0.0,-0.902465130896691,1.0,0.0,3.0,0,real
0.293719795794556,0.0,4.0,-0.1781527634783228,1.007051646436771,0.0,2.0,0.42355337081435956,0.0,-0.902465130896691,1.0,1.0,3.0,0,real
1.8168234791415845,0.0,3.0,-1.2048842214877058,0.2942920681951789,1.0,2.0,-0.7812775613363924,0.0,-0.902465130896691,1.0,1.0,3.0,0,real
-0.5766251661180317,1.0,3.0,-0.6344778559269374,-1.149983919294363,0.0,0.0,-0.4073645134275383,0.0,0.8248558768698071,2.0,3.0,7.0,1,real
-0.03265956492266439,1.0,2.0,-1.3189654945998595,1.119592632474917,0.0,0.0,0.2989156881780749,0.0,-0.902465130896691,1.0,0.0,7.0,0,real
0.511306036272703,1.0,4.0,0.5063348751945992,-1.3563090603642975,0.0,0.0,0.5481910534506442,1.0,-0.902465130896691,1.0,1.0,7.0,1,real
0.293719795794556,1.0,3.0,-0.1781527634783228,-0.38095384803369786,0.0,2.0,0.04964032290550553,0.0,-0.5570009293433914,2.0,1.0,7.0,1,real
0.7288922767508499,1.0,4.0,-0.6344778559269374,0.20050791316339045,0.0,0.0,-0.3658186192154434,1.0,2.2067126830830057,2.0,1.0,7.0,1,real
-1.6645563685087663,1.0,4.0,-0.748559129039091,-0.5685221580972747,0.0,0.0,-0.3658186192154434,0.0,0.1339274737632078,2.0,0.0,7.0,1,real
0.7288922767508499,0.0,4.0,0.7915380579749833,1.0820789704622018,0.0,2.0,-0.11654325394287404,1.0,-0.03880462701344199,2.0,0.0,7.0,1,real
0.18492667555548253,1.0,4.0,-0.3492746731465533,-0.005817227906544115,1.0,2.0,-0.19963504236706384,1.0,0.1339274737632078,2.0,1.0,3.0,1,real
-0.2502458054008113,1.0,1.0,-0.748559129039091,-1.1874975813070783,0.0,2.0,1.7114760913893012,0.0,-0.902465130896691,2.0,0.0,6.0,0,real
-1.2293838875524725,0.0,4.0,0.05000978274598452,1.719811224678363,1.0,2.0,-0.532002196063823,1.0,1.688516380753056,2.0,0.0,7.0,1,real
0.8376853969899233,0.0,3.0,-0.06407149036616915,0.2567784061824635,0.0,0.0,-2.1522920703355237,0.0,0.1339274737632078,2.0,1.0,7.0,1,real
-1.4469701280306195,1.0,2.0,0.22113169241421501,-0.8686314541989977,0.0,0.0,-0.6981857729122026,0.0,-0.902465130896691,2.0,0.0,6.0,0,real
0.4025129160336295,1.0,3.0,0.5063348751945992,-0.7185768061481362,1.0,2.0,0.672828736086929,0.0,-0.902465130896691,1.0,0.0,3.0,0,real
-2.0997288494650603,0.0,4.0,0.3922536020824455,-1.2437680743261514,0.0,0.0,1.3791089376925423,0.0,0.30665957453985754,1.0,0.0,3.0,0,real
0.9464785172289968,1.0,4.0,-0.06407149036616915,1.5134860836084285,1.0,2.0,-0.6981857729122026,1.0,0.6521237760931573,1.0,3.0,7.0,1,real
1.1640647577071437,1.0,4.0,0.22113169241421501,0.08796692712524432,0.0,2.0,-0.9059152439726771,0.0,1.515784279976406,2.0,1.0,7.0,1,real
-0.6854182863571052,1.0,4.0,-0.06407149036616915,0.1254805891379597,1.0,2.0,0.04964032290550553,1.0,-0.902465130896691,1.0,2.0,7.0,1,real
0.9464785172289968,0.0,4.0,1.0767412407553674,2.9577620710979704,0.0,2.0,0.2158238997538851,0.0,2.5521768846363053,2.0,3.0,7.0,1,real
-0.35903892563988477,1.0,3.0,-1.775290587048474,-0.5122516650782016,0.0,0.0,-0.24118093657915873,1.0,0.1339274737632078,2.0,0.0,3.0,0,real
0.07613355531640907,1.0,4.0,0.5063348751945992,-0.6060358201099901,0.0,0.0,-1.5706495513661953,1.0,3.9340336908495033,3.0,0.0,7.0,1,real
1.1640647577071437,1.0,1.0,0.3922536020824455,0.6131581953032595,1.0,2.0,1.046741783995783,0.0,0.30665957453985754,2.0,1.0,3.0,1,real
-1.0117976470743255,0.0,2.0,-0.06407149036616915,-0.2871696930019094,0.0,2.0,1.0882876782078779,0.0,-0.3842688285667416,2.0,0.0,3.0,0,real
0.18492667555548253,0.0,4.0,3.928773068559209,0.7256991813414057,1.0,2.0,-0.6566398787001076,1.0,2.5521768846363053,3.0,2.0,7.0,1,real
-0.03265956492266439,1.0,4.0,-1.2048842214877058,-0.19338553797012098,0.0,0.0,-0.947461138184772,1.0,1.515784279976406,2.0,1.0,7.0,1,real
-1.120590767313399,1.0,2.0,-0.6344778559269374,-0.5497653270909171,0.0,0.0,0.8805582071474034,0.0,-0.902465130896691,1.0,0.0,3.0,0,real
0.8376853969899233,0.0,4.0,-0.40631530970263013,-0.7560904681608516,0.0,0.0,0.5897369476627392,0.0,-0.902465130896691,1.0,0.0,3.0,0,real
-0.03265956492266439,1.0,3.0,-0.6344778559269374,0.16299425115067506,0.0,2.0,-0.07499735973077915,0.0,-0.5570009293433914,2.0,0.0,7.0,0,real
-0.35903892563988477,1.0,3.0,-2.117534406384935,-0.4184675100464132,0.0,0.0,0.2158238997538851,1.0,-0.902465130896691,1.0,1.0,7.0,0,real
-2.752487570899501,1.0,2.0,-0.06407149036616915,-0.8498746231926401,0.0,2.0,2.21002682193444,0.0,-0.902465130896691,1.0,0.0,3.0,0,real
-0.35903892563988477,1.0,4.0,0.5063348751945992,0.21926474416974812,0.0,2.0,1.5452925145409218,1.0,-0.902465130896691,1.0,0.0,3.0,0,real
-1.2293838875524725,0.0,3.0,-0.5203965828147837,-0.6810631441354208,0.0,0.0,0.672828736086929,0.0,-0.7297330301200413,2.0,0.0,3.0,0,real
0.07613355531640907,0.0,2.0,0.22113169241421501,0.012939603099813572,0.0,2.0,0.5066451592385494,0.0,0.30665957453985754,2.0,0.0,3.0,0,real
1.708030358902511,1.0,4.0,0.7915380579749833,-1.4125795533833707,0.0,0.0,-0.9890070323968668,1.0,1.3430521791997565,3.0,0.0,7.0,1,real
0.8376853969899233,1.0,2.0,-0.6344778559269374,0.5944013642969018,0.0,2.0,-1.9030167050629545,0.0,0.30665957453985754,2.0,1.0,7.0,1,real
-2.0997288494650603,1.0,4.0,-0.6344778559269374,-0.9624156092307862,0.0,0.0,-0.7812775613363924,1.0,0.4793916753165075,2.0,0.0,7.0,1,real
-0.35903892563988477,1.0,3.0,-0.3492746731465533,-0.08084455193197486,1.0,2.0,0.7143746302990238,0.0,1.1703200784231065,2.0,0.0,3.0,0,real
0.511306036272703,1.0,2.0,0.5063348751945992,-0.5310084960845594,0.0,0.0,0.6312828418748341,1.0,-0.902465130896691,1.0,0.0,3.0,0,real
0.511306036272703,1.0,1.0,2.217553971876904,0.7256991813414057,0.0,2.0,0.42355337081435956,0.0,-0.7297330301200413,2.0,0.0,7.0,1,real
-0.2502458054008113,1.0,2.0,-0.1781527634783228,-0.8311177921862823,1.0,0.0,1.462200726116732,0.0,-0.902465130896691,1.0,0.0,3.0,0,real
1.0552716374680702,1.0,3.0,-0.3492746731465533,1.119592632474917,0.0,0.0,-0.7397316671242975,1.0,0.6521237760931573,2.0,0.0,7.0,1,real
0.4025129160336295,1.0,3.0,-1.4900874042680898,-0.17462870696376329,0.0,2.0,0.2158238997538851,1.0,-0.3842688285667416,2.0,0.0,7.0,0,real
-0.7942114065961786,1.0,3.0,-1.3189654945998595,-0.11835821394469023,0.0,0.0,0.1327321113296953,0.0,-0.902465130896691,1.0,0.0,3.0,1,real
0.293719795794556,1.0,4.0,1.93235078909652,0.7444560123477634,1.0,2.0,-1.0305529266089617,0.0,-0.03880462701344199,2.0,3.0,7.0,1,real
-1.4469701280306195,1.0,3.0,-1.0908029483755521,0.012939603099813572,0.0,0.0,1.2544712550562576,0.0,-0.902465130896691,1.0,0.0,3.0,0,real
-1.0117976470743255,1.0,2.0,-0.1781527634783228,1.1008358014685593,0.0,2.0,0.8805582071474034,0.0,-0.902465130896691,1.0,0.0,3.0,0,real
0.6200991565117764,0.0,3.0,-1.6612093139363204,1.2884041115321363,0.0,0.0,0.4650992650264545,0.0,-0.902465130896691,1.0,1.0,3.0,0,real
-0.2502458054008113,1.0,1.0,1.190822513867521,0.9132674914049825,1.0,0.0,1.2129253608441626,0.0,0.1339274737632078,2.0,0.0,7.0,0,real
-1.338177007791546,0.0,4.0,-1.6612093139363204,0.2942920681951789,0.0,2.0,-1.1136447150331514,0.0,-0.3842688285667416,2.0,0.0,3.0,0,real
1.3816509981852907,0.0,3.0,-0.9196810387073215,5.902584539096128,0.0,2.0,0.4650992650264545,0.0,0.4793916753165075,2.0,0.0,7.0,0,real
0.07613355531640907,1.0,4.0,1.6471476063161357,0.7444560123477634,0.0,2.0,-0.15808914815496894,1.0,-0.21153672779009175,2.0,1.0,7.0,1,real
1.0552716374680702,1.0,4.0,-0.6344778559269374,-0.06208772092561717,0.0,2.0,-2.193837964547619,1.0,0.997587977646457,3.0,1.0,3.0,1,real
1.708030358902511,1.0,4.0,-0.06407149036616915,1.363431435557567,0.0,2.0,-1.653741339790385,0.0,1.1703200784231065,2.0,3.0,3.0,1,real
-0.35903892563988477,1.0,4.0,0.5063348751945992,0.9320243224113403,0.0,0.0,1.0051958897836881,1.0,0.4793916753165075,1.0,0.0,7.0,1,real
0.4025129160336295,1.0,4.0,-0.3492746731465533,0.9507811534176979,0.0,2.0,0.9221041013594984,0.0,-0.902465130896691,1.0,2.0,7.0,1,real
0.6200991565117764,1.0,4.0,0.5063348751945992,0.8194833363731941,0.0,2.0,0.8805582071474034,0.0,0.1339274737632078,2.0,2.0,7.0,1,real
1.4904441184243642,1.0,3.0,-0.748559129039091,0.5193740402714712,0.0,0.0,0.09118621711760043,0.0,-0.03880462701344199,1.0,1.0,7.0,0,real
-0.9030045268352521,1.0,2.0,-1.7182499504923971,-0.9811724402371438,1.0,0.0,0.2989156881780749,0.0,-0.902465130896691,1.0,0.0,7.0,0,real
2.4695822005760255,1.0,4.0,-0.3492746731465533,1.0258084774431286,0.0,2.0,0.5481910534506442,1.0,-0.902465130896691,1.0,3.0,3.0,1,real
-0.03265956492266439,0.0,3.0,-1.2048842214877058,-0.6623063131290632,0.0,0.0,0.3820074766022647,0.0,0.4793916753165075,2.0,0.0,3.0,0,real
0.4025129160336295,0.0,4.0,-1.775290587048474,-0.024574058912901802,0.0,2.0,-1.1136447150331514,0.0,-0.03880462701344199,2.0,0.0,3.0,0,real
-0.6854182863571052,1.0,3.0,-0.40631530970263013,0.10672375813160201,1.0,0.0,1.0882876782078779,0.0,-0.902465130896691,1.0,2.0,3.0,0,real
0.293719795794556,1.0,4.0,0.05000978274598452,-0.7936041301735669,0.0,0.0,0.7974664187232137,1.0,-0.902465130896691,1.0,0.0,7.0,0,real
-0.2502458054008113,1.0,3.0,0.3922536020824455,-0.49349483407184397,0.0,0.0,0.8390123129353085,0.0,-0.902465130896691,1.0,0.0,3.0,0,real
-0.03265956492266439,0.0,2.0,0.05000978274598452,0.7256991813414057,1.0,2.0,0.42355337081435956,1.0,-0.902465130896691,1.0,1.0,3.0,0,real
-2.0997288494650603,1.0,4.0,-0.2922340365904765,0.6131581953032595,0.0,2.0,0.2989156881780749,1.0,-0.902465130896691,1.0,0.0,7.0,1,real
-1.0117976470743255,0.0,2.0,-1.0908029483755521,-1.6751751874723781,0.0,0.0,-0.4489104076396332,0.0,-0.902465130896691,2.0,0.0,3.0,0,real
1.708030358902511,1.0,3.0,1.6471476063161357,0.3693193922206096,0.0,0.0,-1.5291036571541006,1.0,1.602150330364731,2.0,1.0,7.0,1,real
-0.14145268516173787,1.0,4.0,0.6204161483067528,-0.4372243410527709,0.0,2.0,-1.5706495513661953,1.0,-0.902465130896691,1.0,0.0,7.0,0,real
0.511306036272703,0.0,4.0,2.4457165181012113,-0.005817227906544115,0.0,0.0,-0.24118093657915873,1.0,-0.902465130896691,2.0,0.0,3.0,1,real
0.8376853969899233,0.0,4.0,0.5063348751945992,2.7139232680153205,0.0,2.0,0.3404615823901698,0.0,0.1339274737632078,2.0,0.0,3.0,0,real
1.0552716374680702,1.0,4.0,0.7915380579749833,-0.6998199751417785,0.0,2.0,-0.6981857729122026,0.0,0.8248558768698071,2.0,2.0,6.0,1,real
0.293719795794556,1.0,4.0,1.190822513867521,0.46310354725239805,0.0,0.0,-2.526205118244378,1.0,0.1339274737632078,2.0,1.0,7.0,1,real
-0.2502458054008113,1.0,4.0,-1.3189654945998595,-0.3059265240082671,1.0,0.0,-0.07499735973077915,0.0,-0.8160990805083661,1.0,3.0,7.0,0,real
0.18492667555548253,1.0,4.0,0.05000978274598452,-1.2250112433197937,0.0,2.0,-1.8199249166387648,1.0,0.911221927258132,2.0,1.0,6.0,1,real
-1.2293838875524725,1.0,3.0,-0.06407149036616915,1.2321336185130631,0.0,0.0,0.5481910534506442,0.0,0.7384898264814821,1.0,1.0,3.0,0,real
-0.14145268516173787,1.0,3.0,-0.06407149036616915,-0.06208772092561717,1.0,2.0,1.0051958897836881,0.0,-0.902465130896691,1.0,3.0,3.0,0,real
-0.6854182863571052,1.0,4.0,-0.40631530970263013,0.46310354725239805,0.0,2.0,0.7143746302990238,0.0,-0.4706348789550665,2.0,0.0,7.0,1,real
0.18492667555548253,0.0,4.0,0.16409105585813819,2.995275733110686,0.0,2.0,0.04964032290550553,1.0,0.7384898264814821,2.0,2.0,7.0,1,real
-1.338177007791546,1.0,1.0,0.9626599676432138,-0.09960138293833255,0.0,2.0,1.2129253608441626,0.0,-0.21153672779009175,1.0,2.0,3.0,0,real
0.511306036272703,1.0,1.0,2.6738790643255186,0.3880762232269673,0.0,2.0,-0.15808914815496894,0.0,2.724908985412955,3.0,0.0,7.0,0,real
0.6200991565117764,0.0,4.0,1.533066333203982,1.0445653084494864,0.0,2.0,0.5066451592385494,0.0,-0.902465130896691,1.0,0.0,3.0,1,real
0.9464785172289968,0.0,2.0,0.5063348751945992,-1.0186861022498592,0.0,0.0,1.2544712550562576,0.0,-0.902465130896691,1.0,2.0,3.0,0,real
-1.338177007791546,1.0,3.0,-0.6344778559269374,-0.17462870696376329,1.0,0.0,1.877659668237681,0.0,-0.21153672779009175,3.0,0.0,7.0,0,real
1.2728578779462172,1.0,2.0,1.6471476063161357,-0.06208772092561717,0.0,0.0,-1.1967365034573414,1.0,-0.902465130896691,2.0,3.0,6.0,1,real
-0.03265956492266439,1.0,2.0,3.4724479761105944,0.6319150263096173,0.0,2.0,1.919205562449776,0.0,-0.902465130896691,1.0,1.0,7.0,1,real
1.5992372386634377,1.0,3.0,0.5063348751945992,0.08796692712524432,0.0,2.0,-0.11654325394287404,0.0,0.8248558768698071,2.0,3.0,7.0,1,real
-0.46783204587895827,1.0,3.0,-0.12111212692224597,-0.9999292712435015,0.0,0.0,0.5897369476627392,0.0,-0.902465130896691,1.0,0.0,3.0,0,real
-0.35903892563988477,1.0,4.0,0.5063348751945992,0.9132674914049825,0.0,0.0,-1.1136447150331514,1.0,2.724908985412955,2.0,3.0,7.0,1,real
-1.2293838875524725,1.0,4.0,0.05000978274598452,-0.043330889919259485,1.0,2.0,-0.24118093657915873,1.0,-0.8160990805083661,2.0,0.0,7.0,1,real
0.8376853969899233,0.0,4.0,0.3922536020824455,0.8382401673795518,1.0,0.0,-1.7783790224266698,0.0,0.7384898264814821,2.0,3.0,3.0,1,real
1.4904441184243642,0.0,3.0,-0.6344778559269374,-0.7185768061481362,0.0,2.0,-1.4044659745178159,0.0,0.39302562492818255,2.0,0.0,3.0,0,real
1.3816509981852907,1.0,4.0,-1.775290587048474,0.9320243224113403,0.0,2.0,-0.9890070323968668,1.0,-0.12517067740176688,2.0,2.0,3.0,1,real
1.5992372386634377,1.0,1.0,1.6471476063161357,-0.2871696930019094,1.0,2.0,-0.7397316671242975,0.0,-0.8160990805083661,2.0,1.0,3.0,0,real
-1.0117976470743255,0.0,4.0,0.3922536020824455,-0.24965603098919403,0.0,2.0,0.1327321113296953,1.0,-0.7297330301200413,2.0,0.0,3.0,0,real
-0.46783204587895827,0.0,2.0,-0.6344778559269374,-0.09960138293833255,0.0,0.0,0.5481910534506442,0.0,0.04756142337488299,1.0,0.0,3.0,0,real
0.511306036272703,1.0,1.0,1.6471476063161357,0.4443467162460404,0.0,2.0,-0.9890070323968668,0.0,-0.902465130896691,1.0,0.0,3.0,1,real
-0.46783204587895827,0.0,4.0,-1.2048842214877058,0.08796692712524432,0.0,2.0,0.42355337081435956,0.0,-0.902465130896691,1.0,0.0,3.0,0,real
1.0552716374680702,0.0,4.0,2.7879603374376725,1.4197019285766401,0.0,0.0,0.2158238997538851,1.0,-0.902465130896691,1.0,0.0,3.0,0,real
0.293719795794556,1.0,3.0,1.0767412407553674,-2.3129074416885396,1.0,0.0,1.0051958897836881,0.0,-0.7297330301200413,1.0,1.0,7.0,0,real
1.0552716374680702,0.0,3.0,0.5063348751945992,1.194619956500348,0.0,0.0,-0.6566398787001076,0.0,-0.7297330301200413,1.0,0.0,7.0,0,real
-1.2293838875524725,1.0,4.0,-1.2048842214877058,-0.7185768061481362,0.0,0.0,0.5066451592385494,0.0,-0.902465130896691,1.0,0.0,7.0,0,real
-1.0117976470743255,1.0,4.0,0.6204161483067528,1.119592632474917,0.0,2.0,-0.07499735973077915,1.0,-0.902465130896691,2.0,3.0,7.0,1,real
0.4025129160336295,1.0,4.0,-0.1781527634783228,0.18175108215703276,0.0,2.0,-0.7812775613363924,1.0,1.688516380753056,2.0,2.0,7.0,1,real
-0.46783204587895827,1.0,4.0,0.7344974214189065,-0.9249019472180707,0.0,2.0,-0.947461138184772,1.0,-0.12517067740176688,2.0,0.0,7.0,1,real
0.07613355531640907,1.0,2.0,-0.06407149036616915,0.2380215751761058,0.0,0.0,0.25736979396598003,0.0,-0.902465130896691,1.0,0.0,3.0,0,real
0.8376853969899233,0.0,4.0,1.0767412407553674,-0.09960138293833255,0.0,0.0,0.2158238997538851,1.0,0.30665957453985754,2.0,0.0,3.0,1,real
-1.8821426089869133,0.0,3.0,-0.6344778559269374,-0.6435494821227055,0.0,0.0,0.8805582071474034,0.0,-0.902465130896691,1.0,0.0,3.0,0,real
-1.7733494887478398,1.0,1.0,-0.6344778559269374,-0.3434401860209825,0.0,0.0,1.3791089376925423,1.0,2.3794447838596553,2.0,0.0,7.0,1,real
-1.4469701280306195,1.0,3.0,-0.06407149036616915,-0.6623063131290632,0.0,2.0,0.7974664187232137,0.0,0.8248558768698071,2.0,0.0,3.0,0,real
1.2728578779462172,0.0,4.0,2.6738790643255186,-0.3997106790400555,1.0,0.0,0.672828736086929,1.0,-0.03880462701344199,2.0,2.0,7.0,1,real
-0.2502458054008113,1.0,4.0,-1.0908029483755521,-0.36219701702734014,0.0,0.0,0.4650992650264545,0.0,-0.902465130896691,1.0,1.0,3.0,1,real
0.18492667555548253,1.0,1.0,-0.6344778559269374,-1.0561997642625747,0.0,2.0,0.5481910534506442,0.0,0.7384898264814821,2.0,0.0,7.0,0,real
-0.9030045268352521,0.0,2.0,-1.4900874042680898,-0.8498746231926401,0.0,0.0,0.9636499955715933,0.0,-0.902465130896691,1.0,0.0,3.0,0,real
-0.9030045268352521,0.0,4.0,0.3922536020824455,-0.11835821394469023,0.0,2.0,0.1327321113296953,1.0,-0.902465130896691,2.0,0.0,3.0,0,real
1.0552716374680702,0.0,4.0,-0.06407149036616915,1.007051646436771,0.0,0.0,-1.1136447150331514,0.0,0.8248558768698071,2.0,2.0,3.0,0,real
0.511306036272703,1.0,4.0,0.3922536020824455,0.406833054233325,0.0,2.0,1.3791089376925423,0.0,-0.902465130896691,1.0,0.0,3.0,0,real
-1.4469701280306195,0.0,3.0,-1.0908029483755521,0.35056256121425194,0.0,2.0,0.9636499955715933,1.0,-0.902465130896691,1.0,0.0,3.0,0,real
-0.03265956492266439,0.0,3.0,-1.3189654945998595,0.3318057302078942,0.0,2.0,0.7559205245111188,0.0,-0.902465130896691,1.0,0.0,3.0,0,real
-1.6645563685087663,0.0,3.0,-2.117534406384935,-0.9436587782244285,0.0,0.0,1.2544712550562576,0.0,-0.902465130896691,1.0,0.0,3.0,0,real
-0.14145268516173787,1.0,4.0,-0.46335594625870696,0.6131581953032595,0.0,0.0,-2.2353838587597137,1.0,0.8248558768698071,2.0,2.0,7.0,1,real
0.9464785172289968,0.0,4.0,-1.3189654945998595,0.3693193922206096,0.0,0.0,0.8390123129353085,1.0,0.6521237760931573,2.0,2.0,3.0,1,real
-2.2085219697041336,0.0,2.0,-0.748559129039091,-0.7373336371544938,0.0,0.0,1.7945678798134912,0.0,-0.29790277817841676,1.0,0.0,3.0,0,real
-0.7942114065961786,1.0,4.0,-1.0908029483755521,-0.8498746231926401,0.0,0.0,-0.24118093657915873,0.0,-0.8160990805083661,1.0,0.0,3.0,0,real
1.3816509981852907,0.0,3.0,1.190822513867521,0.5193740402714712,0.0,0.0,0.9636499955715933,0.0,-0.902465130896691,1.0,1.0,3.0,0,real
-0.03265956492266439,1.0,4.0,-1.2048842214877058,-0.8123609611799246,0.0,2.0,-1.69528723400248,1.0,-0.902465130896691,2.0,1.0,3.0,1,real
1.2728578779462172,1.0,4.0,-1.0908029483755521,-0.6998199751417785,0.0,2.0,-0.6981857729122026,1.0,-0.8160990805083661,1.0,1.0,3.0,1,real
-0.2502458054008113,0.0,3.0,0.2781723289702918,-0.9999292712435015,0.0,2.0,0.8390123129353085,0.0,-0.8160990805083661,2.0,0.0,3.0,0,real
0.07613355531640907,0.0,4.0,2.7879603374376725,1.4572155905893553,0.0,1.0,-1.3213741860936261,1.0,2.0339805823063557,2.0,0.0,3.0,1,real
-0.5766251661180317,1.0,3.0,-0.748559129039091,-1.8815003285423129,0.0,2.0,-0.947461138184772,0.0,-0.21153672779009175,1.0,3.0,3.0,1,real
2.1432028398588048,0.0,2.0,-0.6344778559269374,0.3693193922206096,0.0,2.0,-1.1551906092452464,1.0,-0.7297330301200413,1.0,1.0,3.0,0,real
-0.03265956492266439,0.0,3.0,1.6471476063161357,-0.9061451162117131,0.0,0.0,0.5897369476627392,0.0,-0.902465130896691,1.0,1.0,3.0,0,real
-0.03265956492266439,1.0,4.0,-0.5203965828147837,0.6881855193286903,0.0,2.0,-1.3629200803057209,1.0,1.8612484815297061,2.0,2.0,3.0,1,real
0.18492667555548253,1.0,4.0,-0.06407149036616915,0.6319150263096173,1.0,2.0,-1.9030167050629545,1.0,0.4793916753165075,3.0,0.0,7.0,1,real
-0.9030045268352521,1.0,4.0,-0.6344778559269374,-0.005817227906544115,0.0,2.0,-0.19963504236706384,0.0,-0.21153672779009175,1.0,0.0,7.0,1,real
-0.5766251661180317,0.0,2.0,0.16409105585813819,0.406833054233325,0.0,0.0,0.5481910534506442,0.0,-0.902465130896691,2.0,0.0,3.0,0,real
-1.338177007791546,1.0,2.0,-0.6344778559269374,0.8569969983859095,0.0,0.0,0.5481910534506442,0.0,-0.902465130896691,1.0,0.0,3.0,0,real
-1.4469701280306195,1.0,2.0,-1.2048842214877058,-0.26841286199555175,0.0,0.0,0.1742780055417902,0.0,-0.902465130896691,1.0,0.0,3.0,0,real
-1.4469701280306195,0.0,2.0,-0.2922340365904765,1.063322139455844,0.0,0.0,0.5897369476627392,0.0,-0.902465130896691,1.0,0.0,3.0,0,real
-0.5766251661180317,0.0,4.0,-0.06407149036616915,0.3693193922206096,0.0,0.0,0.5897369476627392,0.0,-0.902465130896691,1.0,0.0,3.0,0,real
0.7288922767508499,1.0,1.0,0.16409105585813819,-0.2871696930019094,0.0,0.0,-0.15808914815496894,0.0,1.3430521791997565,2.0,2.0,3.0,1,real
0.6200991565117764,0.0,3.0,-0.6344778559269374,-1.3375522293579398,1.0,0.0,-2.193837964547619,0.0,-0.902465130896691,1.0,0.0,3.0,0,real
1.3816509981852907,1.0,4.0,-0.6344778559269374,-0.23089919998283637,0.0,0.0,-3.232485319849991,0.0,-0.03880462701344199,2.0,0.0,3.0,1,real
0.4025129160336295,1.0,4.0,-1.775290587048474,-0.2871696930019094,0.0,0.0,0.2989156881780749,0.0,-0.8160990805083661,1.0,1.0,7.0,1,real
-0.7942114065961786,1.0,4.0,-1.2048842214877058,0.4818603782587557,0.0,2.0,-1.2798282918815311,1.0,-0.03880462701344199,2.0,1.0,3.0,1,real
-0.2502458054008113,1.0,4.0,-0.3492746731465533,-0.6998199751417785,0.0,0.0,0.7974664187232137,0.0,-0.03880462701344199,1.0,2.0,7.0,1,real
0.8376853969899233,1.0,2.0,-0.1781527634783228,-0.7748472991672093,1.0,2.0,-0.3658186192154434,0.0,-0.902465130896691,1.0,0.0,3.0,0,real
0.293719795794556,1.0,4.0,-1.2048842214877058,-0.9061451162117131,0.0,0.0,-0.947461138184772,1.0,0.39302562492818255,2.0,0.0,6.0,0,real
0.4025129160336295,1.0,4.0,0.8485786945310602,-0.5872789891036324,0.0,0.0,-1.8199249166387648,0.0,0.8248558768698071,2.0,1.0,7.0,1,real
1.0552716374680702,1.0,4.0,-0.1781527634783228,0.2567784061824635,0.0,0.0,-1.8199249166387648,1.0,-0.7297330301200413,2.0,1.0,7.0,0,real
-0.35903892563988477,0.0,3.0,-0.6344778559269374,0.8569969983859095,0.0,2.0,0.3404615823901698,0.0,-0.3842688285667416,1.0,0.0,3.0,0,real
-1.2293838875524725,1.0,4.0,-0.9196810387073215,1.007051646436771,0.0,0.0,1.3375630434804473,0.0,0.1339274737632078,2.0,0.0,3.0,0,real
-1.338177007791546,0.0,3.0,-0.6344778559269374,-0.7560904681608516,0.0,0.0,1.0051958897836881,0.0,-0.902465130896691,2.0,0.0,3.0,0,real
1.3816509981852907,0.0,4.0,-1.4330467677120131,-0.49349483407184397,0.0,0.0,-0.2827268307912536,0.0,-0.6433669797317163,1.0,2.0,3.0,0,real
2.360789080336952,0.0,3.0,0.5063348751945992,-0.9811724402371438,0.0,1.0,-1.3629200803057209,0.0,0.04756142337488299,2.0,0.0,3.0,0,real
1.708030358902511,1.0,2.0,1.4189850600918283,-0.08084455193197486,0.0,2.0,-0.24118093657915873,0.0,-0.902465130896691,1.0,0.0,3.0,0,real
0.293719795794556,1.0,2.0,-0.40631530970263013,0.21926474416974812,0.0,0.0,-0.3242727250033485,0.0,-0.6433669797317163,1.0,0.0,7.0,1,real
-1.120590767313399,0.0,3.0,-0.748559129039091,-0.13711504495104793,0.0,0.0,0.008094428693410639,0.0,-0.6433669797317163,2.0,1.0,3.0,0,real
0.4025129160336295,0.0,2.0,0.2781723289702918,1.307160942538494,1.0,2.0,0.1327321113296953,0.0,-0.902465130896691,1.0,2.0,3.0,1,real
0.6200991565117764,0.0,1.0,1.0767412407553674,-0.17462870696376329,0.0,0.0,0.9221041013594984,0.0,-0.12517067740176688,1.0,0.0,3.0,0,real
-1.120590767313399,1.0,3.0,-0.6344778559269374,-0.4372243410527709,0.0,0.0,0.8390123129353085,0.0,-0.902465130896691,1.0,0.0,3.0,0,real
0.7288922767508499,1.0,4.0,0.3922536020824455,-1.562634201434232,0.0,2.0,-0.9890070323968668,1.0,2.2067126830830057,2.0,1.0,3.0,1,real
-1.338177007791546,1.0,4.0,0.2781723289702918,1.2321336185130631,0.0,0.0,-0.9890070323968668,1.0,0.6521237760931573,2.0,0.0,6.0,1,real
-0.2502458054008113,1.0,4.0,-0.1781527634783228,-0.8498746231926401,1.0,0.0,0.2989156881780749,1.0,-0.03880462701344199,2.0,0.0,3.0,1,real
0.511306036272703,1.0,3.0,-0.2922340365904765,-0.5872789891036324,1.0,0.0,-0.6150939844880128,0.0,0.997587977646457,2.0,1.0,6.0,1,real
-1.5557632482696928,1.0,4.0,1.190822513867521,-0.49349483407184397,0.0,0.0,1.3375630434804473,0.0,-0.902465130896691,1.0,0.0,7.0,1,real
-1.338177007791546,1.0,3.0,-0.06407149036616915,-1.3000385673452244,0.0,0.0,0.04964032290550553,0.0,-0.902465130896691,1.0,0.0,3.0,0,real
0.7288922767508499,1.0,4.0,0.5063348751945992,-0.7936041301735669,0.0,2.0,-0.4489104076396332,1.0,0.7384898264814821,1.0,1.0,7.0,1,real
1.2728578779462172,1.0,4.0,1.6471476063161357,-0.3997106790400555,0.0,2.0,-0.4489104076396332,0.0,1.0839540280347817,1.0,0.0,6.0,0,real
-0.9030045268352521,1.0,4.0,0.5063348751945992,1.1571062944876325,0.0,0.0,-1.1967365034573414,1.0,0.6521237760931573,2.0,2.0,7.0,1,real
1.8168234791415845,0.0,4.0,-1.0908029483755521,-1.8815003285423129,0.0,0.0,-0.9890070323968668,0.0,0.4793916753165075,2.0,0.0,3.0,0,real
0.511306036272703,1.0,1.0,0.16409105585813819,-0.8498746231926401,0.0,0.0,0.5481910534506442,0.0,-0.21153672779009175,1.0,2.0,3.0,1,real
1.0552716374680702,1.0,1.0,2.217553971876904,-0.4184675100464132,0.0,2.0,0.25736979396598003,0.0,-0.3842688285667416,2.0,0.0,7.0,0,real
1.2728578779462172,0.0,3.0,0.8485786945310602,0.5381308712778288,0.0,2.0,0.1327321113296953,0.0,-0.902465130896691,2.0,1.0,3.0,0,real
-1.6645563685087663,0.0,3.0,0.3922536020824455,-0.5497653270909171,0.0,0.0,0.1327321113296953,0.0,-0.902465130896691,2.0,0.0,3.0,0,real
0.293719795794556,1.0,2.0,1.3049037869796747,-0.3246833550146248,0.0,2.0,0.6312828418748341,0.0,-0.902465130896691,1.0,1.0,3.0,1,real
0.4025129160336295,0.0,4.0,-0.06407149036616915,-0.9811724402371438,0.0,0.0,-0.7397316671242975,0.0,-0.3842688285667416,2.0,0.0,3.0,0,real
0.293719795794556,1.0,4.0,-1.2048842214877058,1.607270238640217,0.0,0.0,-0.24118093657915873,1.0,1.688516380753056,2.0,1.0,7.0,1,real
-0.7942114065961786,1.0,3.0,-0.06407149036616915,0.06921009611888664,0.0,0.0,1.2544712550562576,0.0,-0.902465130896691,1.0,0.0,3.0,0,real
0.07613355531640907,0.0,4.0,-0.1781527634783228,-0.8311177921862823,0.0,1.0,-0.7812775613363924,1.0,0.8248558768698071,2.0,1.0,7.0,1,real
-2.0997288494650603,1.0,2.0,-0.5203965828147837,-1.0749565952689322,0.0,0.0,1.046741783995783,0.0,-0.902465130896691,1.0,0.0,3.0,0,real
0.7288922767508499,1.0,4.0,0.9626599676432138,-0.8686314541989977,0.0,0.0,0.5066451592385494,0.0,-0.902465130896691,1.0,1.0,7.0,1,real
0.4025129160336295,1.0,4.0,-0.9767216752633984,1.2884041115321363,0.0,1.0,-0.3658186192154434,0.0,2.897641086189605,3.0,3.0,6.0,1,real
0.4025129160336295,0.0,4.0,2.217553971876904,-0.4559811720591286,1.0,2.0,-0.11654325394287404,1.0,1.515784279976406,2.0,2.0,6.0,1,real
0.4025129160336295,1.0,2.0,-0.3492746731465533,-0.5497653270909171,0.0,0.0,-0.19963504236706384,0.0,-0.5570009293433914,2.0,0.0,7.0,0,real
0.18492667555548253,1.0,2.0,-0.06407149036616915,-0.5310084960845594,0.0,2.0,0.5897369476627392,0.0,-0.902465130896691,1.0,0.0,7.0,0,real
0.18492667555548253,1.0,2.0,-0.6344778559269374,-0.17462870696376329,0.0,0.0,0.8390123129353085,0.0,-0.902465130896691,3.0,0.0,3.0,0,real
1.3816509981852907,1.0,3.0,1.190822513867521,-0.6998199751417785,0.0,2.0,0.04964032290550553,0.0,-0.21153672779009175,2.0,0.0,7.0,1,real
0.07613355531640907,0.0,2.0,0.05000978274598452,1.7385680556847207,0.0,0.0,0.7143746302990238,0.0,0.1339274737632078,1.0,0.0,3.0,0,real
-1.120590767313399,1.0,4.0,-0.6344778559269374,-1.506363708415159,0.0,0.0,-0.19963504236706384,1.0,1.515784279976406,3.0,0.0,6.0,1,real
0.9464785172289968,1.0,4.0,0.5063348751945992,-1.1687407503007208,0.0,2.0,-0.19963504236706384,1.0,2.5521768846363053,1.0,2.0,7.0,1,real
0.9464785172289968,0.0,4.0,-0.40631530970263013,-0.9811724402371438,0.0,0.0,-0.532002196063823,1.0,-0.902465130896691,2.0,0.0,3.0,1,real
-1.4469701280306195,1.0,2.0,-0.6344778559269374,-1.7314456804914513,0.0,0.0,1.3791089376925423,0.0,-0.902465130896691,1.0,0.0,3.0,0,real
0.511306036272703,1.0,4.0,1.875310152540443,-1.3750658913706553,1.0,2.0,-2.4431133298201884,0.0,-0.03880462701344199,2.0,2.0,6.0,1,real
0.293719795794556,0.0,4.0,0.5063348751945992,-0.15587187595740562,0.0,0.0,-1.0720988208210567,1.0,-0.7297330301200413,2.0,0.0,7.0,1,real
-1.0117976470743255,1.0,1.0,-1.2048842214877058,0.27553523718882117,0.0,0.0,-0.6981857729122026,0.0,0.1339274737632078,2.0,0.0,7.0,1,real
1.4904441184243642,1.0,4.0,0.7344974214189065,-1.0561997642625747,1.0,0.0,-0.3242727250033485,0.0,2.0339805823063557,2.0,2.0,7.0,1,real
0.293719795794556,1.0,4.0,-0.06407149036616915,-2.219123286656751,0.0,0.0,-1.4044659745178159,1.0,0.1339274737632078,2.0,1.0,7.0,1,real
0.293719795794556,0.0,2.0,-0.06407149036616915,-0.24965603098919403,0.0,2.0,1.046741783995783,0.0,-0.902465130896691,2.0,1.0,3.0,1,real
-1.7733494887478398,1.0,3.0,0.3922536020824455,-1.393822722377013,0.0,0.0,1.0051958897836881,0.0,-0.902465130896691,1.0,0.0,3.0,0,real
-0.5766251661180317,0.0,4.0,-0.007030853810092312,0.7444560123477634,0.0,0.0,0.6312828418748341,0.0,-0.902465130896691,1.0,0.0,3.0,0,simulated
-0.14145268516173787,1.0,4.0,0.563375511750676,0.21926474416974812,0.0,2.0,1.462200726116732,1.0,-0.902465130896691,1.0,0.0,3.0,0,simulated
-0.14145268516173787,1.0,3.0,-0.2922340365904765,-0.13711504495104793,1.0,2.0,0.8390123129353085,0.0,-0.902465130896691,1.0,3.0,3.0,0,simulated
0.18492667555548253,1.0,3.0,-0.46335594625870696,-0.024574058912901802,0.0,2.0,0.672828736086929,0.0,-0.7297330301200413,3.0,1.0,3.0,0,simulated
2.0344097196197315,0.0,1.0,0.3922536020824455,-0.043330889919259485,0.0,0.0,0.1742780055417902,0.0,1.1703200784231065,1.0,2.0,3.0,0,simulated
-0.14145268516173787,0.0,3.0,-1.0908029483755521,-0.24965603098919403,0.0,0.0,0.4650992650264545,0.0,0.39302562492818255,2.0,0.0,3.0,0,simulated
0.18492667555548253,0.0,3.0,0.2781723289702918,-1.0749565952689322,0.0,2.0,1.1713794666320676,0.0,-0.902465130896691,2.0,0.0,3.0,0,simulated
-1.2293838875524725,1.0,4.0,0.8485786945310602,-0.24965603098919403,0.0,0.0,1.462200726116732,0.0,-0.6433669797317163,1.0,0.0,3.0,0,simulated
-1.4469701280306195,0.0,3.0,-1.6041686773802435,-2.031554976593174,0.0,0.0,0.8390123129353085,0.0,-0.21153672779009175,2.0,0.0,3.0,0,simulated
-0.03265956492266439,1.0,3.0,1.0197006041992906,-0.7185768061481362,0.0,2.0,0.1742780055417902,0.0,0.5657577257048323,1.0,0.0,7.0,0,simulated
1.5992372386634377,0.0,3.0,0.8485786945310602,0.8757538293922672,0.0,0.0,0.25736979396598003,0.0,-0.12517067740176688,1.0,0.0,3.0,0,simulated
-1.5557632482696928,1.0,3.0,0.10705041930206134,1.2321336185130631,0.0,0.0,0.5481910534506442,0.0,0.5657577257048323,1.0,1.0,3.0,0,simulated
-0.14145268516173787,1.0,2.0,-0.12111212692224597,-0.38095384803369786,0.0,2.0,0.5897369476627392,0.0,-0.8160990805083661,1.0,0.0,7.0,0,simulated
1.3816509981852907,1.0,2.0,1.247863150423598,-0.4184675100464132,0.0,2.0,0.1327321113296953,0.0,-0.902465130896691,1.0,0.0,3.0,0,simulated
-1.120590767313399,1.0,3.0,0.2781723289702918,-0.6060358201099901,0.0,2.0,1.2544712550562576,0.0,-0.902465130896691,1.0,0.0,3.0,0,simulated
-0.03265956492266439,0.0,3.0,-0.8626404021512447,-1.206254412313436,1.0,0.0,-2.526205118244378,0.0,-0.8160990805083661,1.0,0.0,3.0,0,simulated
-1.0117976470743255,1.0,3.0,0.33521296552636864,-0.5685221580972747,0.0,2.0,1.2544712550562576,0.0,-0.902465130896691,1.0,0.0,3.0,0,simulated
1.708030358902511,0.0,3.0,-1.1478435849316289,5.3773932709181125,0.0,2.0,0.6312828418748341,0.0,0.7384898264814821,2.0,0.0,7.0,0,simulated
-1.0117976470743255,1.0,4.0,-0.5774372193708606,-0.21214236897647867,0.0,2.0,1.5868384087530167,0.0,-0.902465130896691,1.0,0.0,3.0,0,simulated
0.4025129160336295,1.0,3.0,1.190822513867521,-2.3691779347076127,0.0,0.0,1.2544712550562576,0.0,0.4793916753165075,1.0,0.0,3.0,0,simulated
0.293719795794556,1.0,4.0,-1.3760061311559362,-1.149983919294363,0.0,0.0,-0.8228234555484872,1.0,0.4793916753165075,2.0,0.0,6.0,0,simulated
1.2728578779462172,0.0,3.0,-0.40631530970263013,-0.7185768061481362,0.0,2.0,-1.2798282918815311,0.0,0.22029352415153275,2.0,0.0,3.0,0,simulated
-0.14145268516173787,1.0,1.0,-0.6344778559269374,-1.1687407503007208,0.0,2.0,2.0022973508739654,0.0,-0.902465130896691,2.0,0.0,6.0,0,simulated
-0.5766251661180317,1.0,4.0,-1.1478435849316289,-0.6998199751417785,1.0,0.0,0.2989156881780749,0.0,-0.7297330301200413,1.0,3.0,7.0,0,simulated
-0.2502458054008113,0.0,2.0,-0.5203965828147837,1.8511090417228668,0.0,0.0,0.25736979396598003,0.0,-0.12517067740176688,1.0,0.0,3.0,0,simulated
0.18492667555548253,1.0,4.0,0.33521296552636864,0.031696434106171255,0.0,2.0,-1.8614708108508597,1.0,-0.8160990805083661,1.0,0.0,7.0,0,simulated
1.2728578779462172,1.0,3.0,-0.5203965828147837,0.20050791316339045,0.0,0.0,0.3820074766022647,0.0,-0.03880462701344199,1.0,1.0,7.0,0,simulated
1.2728578779462172,0.0,3.0,1.7041882428722126,2.338786647888167,0.0,2.0,0.2158238997538851,0.0,-0.03880462701344199,1.0,0.0,3.0,0,simulated
-1.6645563685087663,1.0,3.0,-1.2619248580437825,-0.15587187595740562,0.0,0.0,1.5037466203288268,0.0,-0.902465130896691,1.0,0.0,3.0,0,simulated
-1.4469701280306195,1.0,2.0,-1.6041686773802435,-0.043330889919259485,0.0,0.0,-0.033451465518684255,0.0,-0.902465130896691,1.0,0.0,3.0,0,simulated
0.07613355531640907,0.0,3.0,-1.8893718601606277,1.194619956500348,0.0,0.0,0.1742780055417902,0.0,-0.6433669797317163,1.0,1.0,3.0,0,simulated
-1.9909357292259868,0.0,3.0,0.563375511750676,-0.36219701702734014,0.0,0.0,0.04964032290550553,0.0,-0.902465130896691,2.0,0.0,3.0,0,simulated
-0.14145268516173787,0.0,3.0,1.8182695159843663,-0.7936041301735669,0.0,0.0,0.3404615823901698,0.0,-0.902465130896691,1.0,1.0,3.0,0,simulated
-0.35903892563988477,1.0,4.0,-0.748559129039091,-0.8498746231926401,0.0,0.0,-1.1551906092452464,1.0,0.5657577257048323,2.0,0.0,6.0,0,simulated
-1.120590767313399,1.0,3.0,-0.007030853810092312,-0.3246833550146248,0.0,2.0,0.9636499955715933,0.0,0.5657577257048323,2.0,0.0,3.0,0,simulated
0.07613355531640907,1.0,3.0,-0.6344778559269374,-1.318795398351582,0.0,0.0,0.9221041013594984,0.0,-0.902465130896691,1.0,0.0,3.0,0,simulated
-0.7942114065961786,0.0,3.0,-1.2048842214877058,0.08796692712524432,0.0,0.0,0.008094428693410639,0.0,-0.5570009293433914,2.0,1.0,3.0,0,simulated
0.4025129160336295,0.0,4.0,-0.40631530970263013,1.1383494634812747,0.0,2.0,0.5066451592385494,0.0,-0.902465130896691,1.0,1.0,3.0,0,simulated
-1.120590767313399,0.0,3.0,-1.2619248580437825,0.6694286883223326,0.0,2.0,0.4650992650264545,1.0,-0.902465130896691,1.0,0.0,3.0,0,simulated
-2.3173150899432073,1.0,1.0,-0.5774372193708606,-1.6001478634469475,0.0,2.0,1.0882876782078779,0.0,-0.7297330301200413,1.0,0.0,3.0,0,simulated
-0.9030045268352521,0.0,3.0,-0.6915184924830142,-0.2871696930019094,0.0,0.0,-0.4904563018517281,0.0,-0.5570009293433914,2.0,1.0,3.0,0,simulated
-0.2502458054008113,1.0,3.0,0.05000978274598452,-0.11835821394469023,0.0,2.0,1.2960171492683523,0.0,-0.6433669797317163,1.0,0.0,3.0,0,simulated
1.2728578779462172,1.0,4.0,2.1605133353208275,-0.043330889919259485,0.0,2.0,-0.6566398787001076,0.0,0.997587977646457,1.0,0.0,6.0,0,simulated
-0.5766251661180317,0.0,3.0,0.33521296552636864,-0.3434401860209825,0.0,2.0,-1.653741339790385,0.0,-0.902465130896691,1.0,0.0,3.0,0,simulated
0.4025129160336295,0.0,4.0,-0.007030853810092312,0.4443467162460404,0.0,2.0,0.1327321113296953,0.0,-0.902465130896691,1.0,1.0,3.0,0,simulated
-1.120590767313399,1.0,3.0,0.5063348751945992,-0.24965603098919403,0.0,2.0,1.7945678798134912,0.0,-0.902465130896691,1.0,0.0,3.0,0,simulated
0.4025129160336295,0.0,2.0,0.22113169241421501,0.7256991813414057,1.0,2.0,0.25736979396598003,1.0,-0.902465130896691,1.0,1.0,3.0,0,simulated
-0.6854182863571052,0.0,2.0,0.3922536020824455,0.2380215751761058,0.0,0.0,0.9221041013594984,0.0,-0.902465130896691,2.0,0.0,3.0,0,simulated
-0.9030045268352521,1.0,3.0,-0.007030853810092312,-1.0749565952689322,0.0,0.0,0.6312828418748341,0.0,-0.7297330301200413,1.0,0.0,3.0,0,simulated
1.2728578779462172,0.0,3.0,-0.8055997655951679,0.5944013642969018,1.0,2.0,-0.947461138184772,0.0,-0.8160990805083661,1.0,1.0,3.0,0,simulated
-0.9030045268352521,0.0,2.0,-1.3760061311559362,-1.4688500464024437,0.0,0.0,-0.3658186192154434,0.0,-0.902465130896691,2.0,0.0,3.0,0,simulated
1.5992372386634377,1.0,1.0,2.217553971876904,-0.4184675100464132,0.0,2.0,-0.19963504236706384,0.0,-0.21153672779009175,2.0,0.0,7.0,0,simulated
0.07613355531640907,0.0,2.0,0.33521296552636864,0.7069423503350479,0.0,2.0,0.672828736086929,0.0,0.22029352415153275,2.0,0.0,3.0,0,simulated
-1.338177007791546,1.0,3.0,0.7915380579749833,1.4009450975702824,0.0,2.0,1.420654831904637,0.0,-0.902465130896691,1.0,0.0,3.0,0,simulated
-1.7733494887478398,0.0,2.0,-0.5203965828147837,0.7819696743604787,0.0,0.0,0.9636499955715933,0.0,-0.902465130896691,1.0,0.0,3.0,0,simulated
1.2728578779462172,0.0,3.0,-0.8055997655951679,-0.5497653270909171,0.0,2.0,-1.7783790224266698,0.0,0.6521237760931573,2.0,0.0,3.0,0,simulated
0.8376853969899233,0.0,4.0,0.16409105585813819,2.6388959439898896,0.0,2.0,0.6312828418748341,0.0,-0.03880462701344199,2.0,0.0,3.0,0,simulated
-1.0117976470743255,0.0,2.0,-1.4900874042680898,-1.149983919294363,0.0,0.0,1.2129253608441626,0.0,-0.8160990805083661,1.0,0.0,3.0,0,simulated
-1.4469701280306195,1.0,2.0,-0.46335594625870696,0.4818603782587557,0.0,0.0,0.5481910534506442,0.0,-0.902465130896691,1.0,0.0,7.0,0,simulated
-0.2502458054008113,0.0,3.0,-1.2048842214877058,-0.36219701702734014,0.0,0.0,0.3404615823901698,0.0,0.04756142337488299,2.0,0.0,3.0,0,simulated
0.6200991565117764,0.0,1.0,0.6774567848628297,0.7069423503350479,1.0,2.0,0.1327321113296953,0.0,-0.12517067740176688,1.0,0.0,3.0,0,simulated
-0.46783204587895827,0.0,2.0,0.16409105585813819,0.4818603782587557,0.0,0.0,0.672828736086929,0.0,-0.902465130896691,2.0,0.0,3.0,0,simulated
0.9464785172289968,0.0,4.0,-1.2619248580437825,-0.49349483407184397,0.0,0.0,0.1327321113296953,0.0,-0.6433669797317163,1.0,2.0,3.0,0,simulated
0.18492667555548253,0.0,1.0,0.5063348751945992,-0.3246833550146248,0.0,0.0,0.2158238997538851,0.0,-0.12517067740176688,1.0,0.0,3.0,0,simulated
-0.9030045268352521,1.0,2.0,-0.6915184924830142,0.9695379844240556,0.0,0.0,0.7143746302990238,0.0,-0.902465130896691,1.0,0.0,3.0,0,simulated
-1.4469701280306195,1.0,3.0,0.22113169241421501,1.3821882665639247,0.0,2.0,1.9607514566618707,0.0,-0.8160990805083661,1.0,0.0,3.0,0,simulated
1.0552716374680702,1.0,3.0,-2.174575042941012,0.21926474416974812,0.0,2.0,0.5066451592385494,1.0,-0.3842688285667416,2.0,0.0,7.0,0,simulated
0.07613355531640907,0.0,2.0,-0.12111212692224597,1.9261363657482975,0.0,0.0,0.42355337081435956,0.0,-0.21153672779009175,1.0,0.0,3.0,0,simulated
-0.2502458054008113,1.0,4.0,0.5063348751945992,-0.4372243410527709,0.0,2.0,-2.0276543876992394,1.0,-0.902465130896691,1.0,0.0,7.0,0,simulated
0.7288922767508499,1.0,4.0,0.05000978274598452,0.406833054233325,0.0,2.0,1.420654831904637,0.0,-0.902465130896691,1.0,0.0,3.0,0,simulated
0.4025129160336295,0.0,1.0,1.3049037869796747,0.7444560123477634,1.0,2.0,0.3820074766022647,0.0,-0.3842688285667416,1.0,0.0,3.0,0,simulated
-1.8821426089869133,0.0,4.0,-0.06407149036616915,-0.9249019472180707,0.0,0.0,1.5868384087530167,0.0,0.04756142337488299,1.0,0.0,3.0,0,simulated
-0.5766251661180317,1.0,2.0,-0.007030853810092312,1.1383494634812747,0.0,2.0,1.420654831904637,0.0,-0.7297330301200413,1.0,0.0,3.0,0,simulated
0.7288922767508499,1.0,1.0,2.1034726987647505,-0.3246833550146248,0.0,2.0,0.42355337081435956,0.0,-0.29790277817841676,2.0,0.0,7.0,0,simulated
-0.2502458054008113,1.0,2.0,-0.1781527634783228,-0.5310084960845594,0.0,2.0,-0.033451465518684255,0.0,-0.6433669797317163,1.0,0.0,7.0,0,simulated
0.8376853969899233,0.0,4.0,-0.40631530970263013,-1.4125795533833707,0.0,0.0,0.5481910534506442,0.0,-0.902465130896691,1.0,0.0,3.0,0,simulated
-1.338177007791546,1.0,1.0,0.7915380579749833,-0.8498746231926401,0.0,0.0,1.1298335724199728,1.0,0.39302562492818255,1.0,0.0,7.0,0,simulated
-0.03265956492266439,0.0,3.0,0.10705041930206134,-0.7560904681608516,0.0,2.0,0.7143746302990238,0.0,-0.6433669797317163,2.0,0.0,3.0,0,simulated
-0.7942114065961786,1.0,2.0,-0.46335594625870696,0.46310354725239805,0.0,0.0,0.9221041013594984,0.0,-0.902465130896691,1.0,0.0,3.0,0,simulated
-0.03265956492266439,0.0,4.0,0.05000978274598452,0.05045326511252894,0.0,2.0,-0.7812775613363924,0.0,-0.6433669797317163,2.0,0.0,3.0,0,simulated
-0.9030045268352521,0.0,2.0,-0.1781527634783228,0.8757538293922672,0.0,0.0,1.2960171492683523,0.0,-0.902465130896691,1.0,0.0,3.0,0,simulated
0.07613355531640907,0.0,3.0,-0.007030853810092312,1.3446746045512092,1.0,0.0,0.672828736086929,0.0,-0.7297330301200413,1.0,0.0,3.0,0,simulated
1.5992372386634377,0.0,3.0,0.8485786945310602,2.976518902104328,1.0,2.0,0.4650992650264545,0.0,-0.12517067740176688,1.0,1.0,3.0,0,simulated
1.4904441184243642,0.0,3.0,0.3922536020824455,1.2696472805257786,0.0,0.0,-0.8643693497605822,0.0,-0.4706348789550665,1.0,0.0,7.0,0,simulated
0.511306036272703,1.0,4.0,0.3922536020824455,0.5006172092651134,0.0,2.0,1.2129253608441626,0.0,-0.902465130896691,1.0,0.0,3.0,0,simulated
-0.5766251661180317,1.0,2.0,0.22113169241421501,-0.8123609611799246,0.0,2.0,1.3791089376925423,0.0,-0.902465130896691,1.0,0.0,3.0,0,simulated
0.6200991565117764,1.0,3.0,0.7915380579749833,-0.11835821394469023,1.0,0.0,-1.0720988208210567,1.0,-0.03880462701344199,2.0,0.0,3.0,0,simulated
-0.9030045268352521,0.0,2.0,-1.2048842214877058,-2.0127981455868165,0.0,0.0,-0.3242727250033485,0.0,-0.7297330301200413,2.0,0.0,3.0,0,simulated
-2.2085219697041336,0.0,4.0,0.05000978274598452,-1.919013990555028,0.0,0.0,1.420654831904637,0.0,0.04756142337488299,1.0,0.0,3.0,0,simulated
-1.6645563685087663,1.0,4.0,-1.1478435849316289,-0.9061451162117131,0.0,0.0,-0.4489104076396332,0.0,-0.902465130896691,1.0,0.0,3.0,0,simulated
-1.6645563685087663,0.0,2.0,-2.060493769828858,-1.1874975813070783,0.0,0.0,0.9636499955715933,0.0,-0.902465130896691,1.0,1.0,3.0,0,simulated
-0.5766251661180317,1.0,4.0,-0.5774372193708606,-0.5497653270909171,0.0,2.0,1.046741783995783,0.0,-0.7297330301200413,1.0,0.0,3.0,0,simulated
-0.2502458054008113,0.0,3.0,0.5063348751945992,1.0258084774431286,0.0,2.0,-0.9890070323968668,0.0,0.4793916753165075,1.0,1.0,3.0,0,simulated
0.511306036272703,0.0,4.0,-0.8626404021512447,1.8511090417228668,0.0,0.0,0.5481910534506442,1.0,-0.21153672779009175,1.0,0.0,3.0,0,simulated
-0.6854182863571052,1.0,3.0,-0.748559129039091,0.42558988523968266,1.0,0.0,0.8805582071474034,0.0,-0.8160990805083661,1.0,2.0,3.0,0,simulated
-1.4469701280306195,0.0,3.0,-1.1478435849316289,0.5756445332905442,0.0,2.0,0.7143746302990238,1.0,-0.902465130896691,1.0,0.0,3.0,0,simulated
-1.9909357292259868,0.0,3.0,0.2781723289702918,-0.043330889919259485,0.0,0.0,-0.11654325394287404,0.0,-0.7297330301200413,2.0,0.0,3.0,0,simulated
0.18492667555548253,0.0,4.0,-1.8323312236045508,0.3880762232269673,0.0,2.0,-1.3213741860936261,0.0,-0.03880462701344199,2.0,0.0,3.0,0,simulated
0.8376853969899233,1.0,4.0,-0.007030853810092312,0.7819696743604787,0.0,2.0,1.2960171492683523,0.0,-0.8160990805083661,1.0,0.0,3.0,0,simulated
-1.4469701280306195,1.0,3.0,-0.1781527634783228,1.6260270696465746,0.0,0.0,-0.033451465518684255,0.0,0.911221927258132,1.0,1.0,3.0,0,simulated
0.511306036272703,1.0,4.0,-1.1478435849316289,1.7573248866910784,0.0,0.0,-0.3658186192154434,1.0,1.7748824311413811,2.0,1.0,7.0,1,simulated
0.07613355531640907,1.0,4.0,-1.5471280408241668,-0.06208772092561717,0.0,0.0,-0.15808914815496894,0.0,-0.902465130896691,1.0,1.0,7.0,1,simulated
-0.35903892563988477,1.0,1.0,-1.3189654945998595,0.35056256121425194,0.0,0.0,-1.2798282918815311,0.0,0.1339274737632078,2.0,0.0,7.0,1,simulated
0.9464785172289968,0.0,4.0,1.4189850600918283,-0.7936041301735669,0.0,2.0,-0.6150939844880128,0.0,4.279497892402803,3.0,3.0,7.0,1,simulated
1.2728578779462172,1.0,4.0,-0.8626404021512447,0.05045326511252894,0.0,0.0,-3.274031214062086,0.0,0.22029352415153275,2.0,0.0,3.0,1,simulated
-0.03265956492266439,1.0,4.0,-1.3189654945998595,-0.13711504495104793,0.0,0.0,-1.2382823976694362,1.0,1.602150330364731,2.0,1.0,7.0,1,simulated
0.4025129160336295,1.0,4.0,-0.5203965828147837,1.8511090417228668,0.0,0.0,-0.9059152439726771,1.0,-0.12517067740176688,2.0,1.0,7.0,1,simulated
1.708030358902511,1.0,4.0,-0.2922340365904765,1.2884041115321363,0.0,2.0,-2.1522920703355237,0.0,1.1703200784231065,2.0,3.0,3.0,1,simulated
-0.7942114065961786,1.0,4.0,0.905619331087137,0.42558988523968266,0.0,0.0,-1.1967365034573414,1.0,2.9840071365779295,2.0,3.0,7.0,1,simulated
2.0344097196197315,1.0,4.0,-0.40631530970263013,0.8945106603986248,0.0,2.0,0.7143746302990238,1.0,-0.8160990805083661,1.0,3.0,3.0,1,simulated
0.18492667555548253,0.0,4.0,3.7576511588909787,0.4443467162460404,1.0,2.0,-0.6150939844880128,1.0,2.63854293502463,3.0,2.0,7.0,1,simulated
0.4025129160336295,0.0,4.0,2.1605133353208275,0.012939603099813572,1.0,2.0,-0.4489104076396332,1.0,1.515784279976406,2.0,2.0,6.0,1,simulated
-0.35903892563988477,0.0,4.0,-0.3492746731465533,0.8569969983859095,0.0,0.0,-0.5735480902759179,1.0,0.30665957453985754,2.0,0.0,7.0,1,simulated
-0.03265956492266439,1.0,4.0,-0.6915184924830142,-0.7748472991672093,0.0,2.0,-1.69528723400248,1.0,-0.902465130896691,2.0,1.0,3.0,1,simulated
-0.9030045268352521,1.0,4.0,-1.4330467677120131,-1.2250112433197937,0.0,2.0,0.9221041013594984,0.0,-0.902465130896691,1.0,1.0,3.0,1,simulated
0.7288922767508499,1.0,3.0,-0.46335594625870696,-0.6435494821227055,1.0,0.0,-1.0305529266089617,0.0,1.2566861288114315,2.0,1.0,6.0,1,simulated
-0.35903892563988477,1.0,4.0,0.2781723289702918,-0.3434401860209825,1.0,2.0,0.2158238997538851,1.0,1.7748824311413811,3.0,0.0,7.0,1,simulated
0.4025129160336295,1.0,4.0,-1.0908029483755521,1.7010543936720053,0.0,1.0,-0.4073645134275383,0.0,2.81127503580128,3.0,3.0,6.0,1,simulated
-0.14145268516173787,1.0,4.0,1.4189850600918283,0.8007265053668364,1.0,2.0,-0.9890070323968668,0.0,0.04756142337488299,2.0,3.0,7.0,1,simulated
0.293719795794556,1.0,4.0,-1.3760061311559362,-0.4372243410527709,0.0,2.0,-0.9059152439726771,1.0,-0.03880462701344199,2.0,1.0,7.0,1,simulated
0.293719795794556,1.0,4.0,1.4189850600918283,-0.8123609611799246,0.0,0.0,0.4650992650264545,0.0,-0.902465130896691,1.0,1.0,7.0,1,simulated
0.6200991565117764,0.0,4.0,-0.40631530970263013,-1.393822722377013,0.0,0.0,-1.3629200803057209,1.0,-0.6433669797317163,2.0,0.0,3.0,1,simulated
-1.5557632482696928,1.0,1.0,-0.8055997655951679,0.406833054233325,0.0,0.0,-0.4904563018517281,0.0,-0.03880462701344199,2.0,0.0,7.0,1,simulated
0.293719795794556,0.0,4.0,3.7576511588909787,0.6881855193286903,1.0,2.0,-0.07499735973077915,1.0,2.4658108342479803,3.0,2.0,7.0,1,simulated
-0.5766251661180317,1.0,4.0,-0.06407149036616915,-0.13711504495104793,1.0,2.0,0.25736979396598003,1.0,-0.7297330301200413,2.0,0.0,7.0,1,simulated
1.8168234791415845,1.0,1.0,0.563375511750676,0.7256991813414057,1.0,2.0,1.7114760913893012,0.0,0.30665957453985754,2.0,1.0,3.0,1,simulated
0.9464785172289968,1.0,2.0,-0.3492746731465533,0.8569969983859095,0.0,2.0,-1.7783790224266698,0.0,0.1339274737632078,2.0,1.0,7.0,1,simulated
0.4025129160336295,1.0,4.0,0.05000978274598452,0.9695379844240556,0.0,0.0,1.046741783995783,1.0,0.911221927258132,1.0,0.0,7.0,1,simulated
0.9464785172289968,1.0,3.0,-0.748559129039091,1.2508904495194209,0.0,0.0,-0.11654325394287404,1.0,0.7384898264814821,2.0,0.0,7.0,1,simulated
-0.6854182863571052,1.0,4.0,0.5063348751945992,-0.7560904681608516,0.0,2.0,-1.2798282918815311,1.0,-0.29790277817841676,2.0,0.0,7.0,1,simulated
0.4025129160336295,1.0,4.0,1.590106969760059,0.9320243224113403,1.0,2.0,-1.0720988208210567,0.0,-0.29790277817841676,2.0,3.0,7.0,1,simulated
-0.6854182863571052,1.0,4.0,0.6204161483067528,-1.1874975813070783,1.0,2.0,0.5481910534506442,1.0,2.1203466326946807,3.0,0.0,7.0,1,simulated
1.8168234791415845,1.0,3.0,1.590106969760059,0.031696434106171255,0.0,0.0,-2.2353838587597137,1.0,1.515784279976406,2.0,1.0,7.0,1,simulated
1.2728578779462172,0.0,4.0,2.502757154657288,0.06921009611888664,1.0,0.0,0.4650992650264545,1.0,-0.12517067740176688,2.0,2.0,7.0,1,simulated
1.0552716374680702,1.0,4.0,0.7915380579749833,-0.5685221580972747,0.0,0.0,0.3404615823901698,0.0,-0.902465130896691,1.0,1.0,7.0,1,simulated
0.07613355531640907,1.0,4.0,-0.5203965828147837,-0.8498746231926401,0.0,0.0,-1.653741339790385,0.0,0.04756142337488299,2.0,1.0,7.0,1,simulated
1.1640647577071437,1.0,4.0,-0.5203965828147837,0.18175108215703276,0.0,0.0,-2.2769297529718084,1.0,0.39302562492818255,2.0,2.0,7.0,1,simulated
2.4695822005760255,1.0,4.0,-0.5203965828147837,0.6694286883223326,0.0,2.0,0.4650992650264545,1.0,-0.902465130896691,1.0,3.0,3.0,1,simulated
0.511306036272703,0.0,2.0,-0.06407149036616915,-0.043330889919259485,0.0,2.0,1.0051958897836881,0.0,-0.6433669797317163,2.0,1.0,3.0,1,simulated
0.7288922767508499,1.0,4.0,1.3049037869796747,-0.6998199751417785,0.0,2.0,-0.033451465518684255,0.0,0.911221927258132,2.0,2.0,6.0,1,simulated
0.511306036272703,0.0,2.0,0.4492942386385223,1.7010543936720053,1.0,2.0,-0.2827268307912536,0.0,-0.902465130896691,1.0,2.0,3.0,1,simulated
1.0552716374680702,1.0,4.0,0.7915380579749833,-0.38095384803369786,0.0,2.0,-0.9059152439726771,0.0,0.8248558768698071,2.0,2.0,6.0,1,simulated
0.511306036272703,0.0,4.0,2.1605133353208275,-0.9249019472180707,1.0,2.0,0.008094428693410639,1.0,1.602150330364731,2.0,2.0,6.0,1,simulated
-1.5557632482696928,1.0,4.0,1.3049037869796747,0.6881855193286903,0.0,2.0,-0.15808914815496894,1.0,-0.902465130896691,2.0,3.0,7.0,1,simulated
0.07613355531640907,1.0,3.0,-1.4330467677120131,-0.26841286199555175,0.0,2.0,1.0051958897836881,0.0,1.1703200784231065,2.0,1.0,7.0,1,simulated
-1.6645563685087663,1.0,4.0,0.33521296552636864,-0.11835821394469023,0.0,0.0,1.5452925145409218,0.0,-0.8160990805083661,1.0,0.0,7.0,1,simulated
0.4025129160336295,1.0,4.0,-0.23519340003439962,1.363431435557567,0.0,2.0,0.25736979396598003,0.0,-0.4706348789550665,1.0,2.0,7.0,1,simulated
0.8376853969899233,1.0,4.0,2.1605133353208275,1.1571062944876325,0.0,2.0,-0.6150939844880128,1.0,1.8612484815297061,3.0,0.0,7.0,1,simulated
0.18492667555548253,1.0,2.0,-0.748559129039091,0.2380215751761058,0.0,0.0,-0.6150939844880128,0.0,-0.5570009293433914,1.0,0.0,7.0,1,simulated
-0.7942114065961786,1.0,4.0,-1.0908029483755521,0.2380215751761058,0.0,2.0,-1.1551906092452464,1.0,-0.12517067740176688,2.0,1.0,3.0,1,simulated
-0.2502458054008113,1.0,4.0,-0.12111212692224597,0.012939603099813572,0.0,0.0,0.2158238997538851,1.0,-0.902465130896691,1.0,1.0,7.0,1,simulated
1.8168234791415845,1.0,4.0,-0.6915184924830142,-0.3059265240082671,0.0,2.0,-1.2798282918815311,1.0,1.3430521791997565,2.0,2.0,7.0,1,simulated
-2.970073811377648,1.0,4.0,-0.23519340003439962,0.5568877022841865,0.0,2.0,0.09118621711760043,1.0,-0.7297330301200413,1.0,0.0,7.0,1,simulated
0.4025129160336295,1.0,4.0,-1.3189654945998595,-0.49349483407184397,0.0,2.0,0.4650992650264545,1.0,0.1339274737632078,2.0,1.0,7.0,1,simulated
0.18492667555548253,1.0,3.0,0.05000978274598452,-0.5310084960845594,0.0,2.0,0.42355337081435956,0.0,-0.5570009293433914,2.0,1.0,7.0,1,simulated
-1.0117976470743255,1.0,1.0,-1.4900874042680898,0.10672375813160201,0.0,0.0,-0.6981857729122026,0.0,0.04756142337488299,2.0,0.0,7.0,1,simulated
-1.4469701280306195,1.0,4.0,-0.2922340365904765,0.3880762232269673,0.0,2.0,0.6312828418748341,0.0,-0.29790277817841676,2.0,0.0,7.0,1,simulated
0.8376853969899233,1.0,4.0,-0.5774372193708606,0.6319150263096173,0.0,0.0,-2.526205118244378,1.0,0.8248558768698071,2.0,2.0,7.0,1,simulated
1.0552716374680702,1.0,4.0,-0.6915184924830142,0.1254805891379597,0.0,2.0,-0.19963504236706384,1.0,1.602150330364731,2.0,1.0,7.0,1,simulated
-1.2293838875524725,1.0,4.0,0.3922536020824455,0.9882948154304133,0.0,2.0,0.2158238997538851,1.0,-0.902465130896691,2.0,3.0,7.0,1,simulated
0.4025129160336295,0.0,4.0,0.2781723289702918,2.4138139719135974,0.0,2.0,0.1742780055417902,1.0,0.5657577257048323,2.0,2.0,7.0,1,simulated
-0.5766251661180317,1.0,3.0,-1.2619248580437825,0.1254805891379597,0.0,0.0,-0.15808914815496894,0.0,-0.6433669797317163,1.0,0.0,3.0,1,simulated
1.2728578779462172,1.0,4.0,-0.40631530970263013,-0.24965603098919403,0.0,0.0,-3.274031214062086,0.0,0.04756142337488299,2.0,0.0,3.0,1,simulated
0.7288922767508499,1.0,4.0,0.33521296552636864,0.406833054233325,0.0,2.0,0.9221041013594984,0.0,0.30665957453985754,2.0,2.0,7.0,1,simulated
0.293719795794556,1.0,4.0,1.3049037869796747,0.3880762232269673,0.0,2.0,-1.3629200803057209,1.0,0.22029352415153275,1.0,0.0,7.0,1,simulated
0.4025129160336295,1.0,4.0,0.9626599676432138,0.8382401673795518,0.0,0.0,-2.7339345893048526,1.0,-0.03880462701344199,2.0,1.0,7.0,1,simulated
-0.5766251661180317,1.0,4.0,-0.40631530970263013,-1.2625249053325092,0.0,0.0,-1.1967365034573414,0.0,0.22029352415153275,2.0,1.0,7.0,1,simulated
0.8376853969899233,1.0,4.0,0.16409105585813819,-1.09371342627529,0.0,2.0,-0.4904563018517281,1.0,2.2930787334713307,1.0,2.0,7.0,1,simulated
0.7288922767508499,1.0,4.0,0.16409105585813819,-2.294150610682182,0.0,0.0,-1.8199249166387648,1.0,0.1339274737632078,2.0,1.0,7.0,1,simulated
1.1640647577071437,1.0,4.0,-0.007030853810092312,-0.9999292712435015,1.0,0.0,-0.7812775613363924,0.0,2.1203466326946807,2.0,2.0,7.0,1,simulated
-0.35903892563988477,1.0,3.0,-0.007030853810092312,-0.5122516650782016,0.0,2.0,-0.8643693497605822,0.0,-0.8160990805083661,2.0,1.0,7.0,1,simulated
-1.120590767313399,1.0,4.0,-0.40631530970263013,-1.2250112433197937,0.0,2.0,-1.1136447150331514,1.0,0.997587977646457,2.0,0.0,7.0,1,simulated
0.4025129160336295,1.0,4.0,0.2781723289702918,0.6131581953032595,0.0,2.0,0.9636499955715933,0.0,0.5657577257048323,2.0,2.0,7.0,1,simulated
1.0552716374680702,1.0,2.0,-0.9196810387073215,0.406833054233325,0.0,2.0,-1.6121954455782903,0.0,0.30665957453985754,2.0,1.0,7.0,1,simulated
0.18492667555548253,1.0,4.0,-0.1781527634783228,-1.3375522293579398,0.0,2.0,-1.9445625992750495,1.0,0.997587977646457,2.0,1.0,6.0,1,simulated
1.708030358902511,1.0,4.0,0.905619331087137,-0.9436587782244285,1.0,0.0,-0.7812775613363924,0.0,2.1203466326946807,2.0,2.0,7.0,1,simulated
1.5992372386634377,1.0,4.0,-0.46335594625870696,1.3259177735448517,0.0,2.0,-1.6121954455782903,0.0,0.997587977646457,2.0,3.0,3.0,1,simulated
-0.9030045268352521,1.0,2.0,-1.0337623118194752,-0.5122516650782016,0.0,0.0,1.0882876782078779,0.0,0.30665957453985754,3.0,0.0,7.0,1,simulated
-0.35903892563988477,1.0,3.0,-0.748559129039091,-0.11835821394469023,1.0,2.0,0.25736979396598003,1.0,-0.12517067740176688,2.0,1.0,6.0,1,simulated
-1.7733494887478398,1.0,1.0,-0.8055997655951679,-1.037442933256217,0.0,0.0,0.7974664187232137,1.0,2.4658108342479803,2.0,0.0,7.0,1,simulated
0.6200991565117764,1.0,4.0,-0.06407149036616915,0.406833054233325,1.0,2.0,-2.110746176123429,1.0,0.30665957453985754,3.0,0.0,7.0,1,simulated
-1.5557632482696928,1.0,4.0,-1.4900874042680898,-1.7877161735105243,0.0,2.0,-1.4460118687299106,1.0,0.5657577257048323,2.0,0.0,7.0,1,simulated
-1.9909357292259868,1.0,4.0,0.10705041930206134,-0.13711504495104793,1.0,2.0,-0.5735480902759179,1.0,-0.6433669797317163,2.0,0.0,7.0,1,simulated
-0.03265956492266439,1.0,4.0,-0.8055997655951679,-0.13711504495104793,1.0,0.0,0.5066451592385494,1.0,0.22029352415153275,1.0,2.0,7.0,1,simulated
0.6200991565117764,0.0,4.0,0.6774567848628297,0.8382401673795518,0.0,2.0,-0.2827268307912536,1.0,-0.12517067740176688,2.0,0.0,7.0,1,simulated
0.7288922767508499,1.0,4.0,-0.40631530970263013,-0.3059265240082671,0.0,0.0,-1.0305529266089617,1.0,2.2067126830830057,2.0,1.0,7.0,1,simulated
-0.03265956492266439,1.0,1.0,1.93235078909652,0.7256991813414057,0.0,2.0,-1.0720988208210567,0.0,-0.902465130896691,1.0,0.0,3.0,1,simulated
-1.0117976470743255,1.0,4.0,-0.3492746731465533,0.9507811534176979,0.0,2.0,0.008094428693410639,1.0,-0.902465130896691,2.0,3.0,7.0,1,simulated
-1.4469701280306195,1.0,4.0,0.6204161483067528,1.063322139455844,0.0,0.0,-0.6981857729122026,1.0,0.911221927258132,2.0,0.0,6.0,1,simulated
-0.5766251661180317,1.0,4.0,-0.06407149036616915,-0.8686314541989977,1.0,0.0,0.25736979396598003,1.0,-0.03880462701344199,2.0,0.0,3.0,1,simulated
0.18492667555548253,1.0,2.0,-0.3492746731465533,0.406833054233325,0.0,2.0,0.9221041013594984,0.0,0.911221927258132,2.0,0.0,3.0,1,simulated
2.0344097196197315,1.0,4.0,-0.06407149036616915,1.2696472805257786,0.0,2.0,-1.1136447150331514,0.0,1.0839540280347817,2.0,3.0,3.0,1,simulated
0.8376853969899233,1.0,4.0,-0.23519340003439962,1.8698658727292246,1.0,2.0,-0.3658186192154434,1.0,1.2566861288114315,1.0,3.0,7.0,1,simulated
-1.0117976470743255,1.0,3.0,-0.8055997655951679,-1.8627434975359551,0.0,2.0,-1.8199249166387648,0.0,-0.21153672779009175,1.0,3.0,3.0,1,simulated
0.6200991565117764,1.0,4.0,-0.40631530970263013,0.20050791316339045,0.0,0.0,-0.9059152439726771,1.0,2.1203466326946807,2.0,1.0,7.0,1,simulated
0.4025129160336295,0.0,2.0,0.16409105585813819,0.9507811534176979,1.0,2.0,0.008094428693410639,0.0,-0.7297330301200413,1.0,2.0,3.0,1,simulated
-1.4469701280306195,1.0,3.0,0.7344974214189065,-0.024574058912901802,0.0,0.0,-0.4489104076396332,0.0,1.9476145319180307,2.0,0.0,3.0,1,simulated
0.8376853969899233,0.0,4.0,1.3049037869796747,0.7819696743604787,0.0,2.0,0.4650992650264545,1.0,-0.03880462701344199,2.0,0.0,7.0,1,simulated
0.4025129160336295,1.0,3.0,-0.5203965828147837,-1.1124702572816476,0.0,2.0,1.046741783995783,0.0,1.9476145319180307,1.0,2.0,7.0,1,simulated
0.9464785172289968,1.0,4.0,0.33521296552636864,-1.7689593425041668,0.0,0.0,0.9221041013594984,1.0,-0.902465130896691,1.0,1.0,7.0,1,simulated
